#include <pgmspace.h>

const uint8_t msyh16[] PROGMEM = {
0x00, 0x00, 0x00, 0xA0, 0x00, 0x00, 0x00, 0x0B, 0x00, 0x00, 0x00, 0x10, 0x00, 0x00, 0x00, 0x00,
0x00, 0x00, 0x00, 0x0C, 0x00, 0x00, 0x00, 0x03, 0x00, 0x00, 0x00, 0x21, 0x00, 0x00, 0x00, 0x0C,
0x00, 0x00, 0x00, 0x01, 0x00, 0x00, 0x00, 0x05, 0x00, 0x00, 0x00, 0x0C, 0x00, 0x00, 0x00, 0x02,
0x00, 0x00, 0x00, 0x00, 0x00, 0x00, 0x00, 0x22, 0x00, 0x00, 0x00, 0x04, 0x00, 0x00, 0x00, 0x04,
0x00, 0x00, 0x00, 0x06, 0x00, 0x00, 0x00, 0x0C, 0x00, 0x00, 0x00, 0x01, 0x00, 0x00, 0x00, 0x00,
0x00, 0x00, 0x00, 0x23, 0x00, 0x00, 0x00, 0x0C, 0x00, 0x00, 0x00, 0x09, 0x00, 0x00, 0x00, 0x09,
0x00, 0x00, 0x00, 0x0C, 0x00, 0x00, 0x00, 0x00, 0x00, 0x00, 0x00, 0x00, 0x00, 0x00, 0x00, 0x24,
0x00, 0x00, 0x00, 0x0E, 0x00, 0x00, 0x00, 0x07, 0x00, 0x00, 0x00, 0x09, 0x00, 0x00, 0x00, 0x0D,
0x00, 0x00, 0x00, 0x01, 0x00, 0x00, 0x00, 0x00, 0x00, 0x00, 0x00, 0x25, 0x00, 0x00, 0x00, 0x0C,
0x00, 0x00, 0x00, 0x0C, 0x00, 0x00, 0x00, 0x0E, 0x00, 0x00, 0x00, 0x0C, 0x00, 0x00, 0x00, 0x01,
0x00, 0x00, 0x00, 0x00, 0x00, 0x00, 0x00, 0x25, 0x00, 0x00, 0x00, 0x0C, 0x00, 0x00, 0x00, 0x0C,
0x00, 0x00, 0x00, 0x0E, 0x00, 0x00, 0x00, 0x0C, 0x00, 0x00, 0x00, 0x01, 0x00, 0x00, 0x00, 0x00,
0x00, 0x00, 0x00, 0x26, 0x00, 0x00, 0x00, 0x0C, 0x00, 0x00, 0x00, 0x0A, 0x00, 0x00, 0x00, 0x0B,
0x00, 0x00, 0x00, 0x0C, 0x00, 0x00, 0x00, 0x01, 0x00, 0x00, 0x00, 0x00, 0x00, 0x00, 0x00, 0x27,
0x00, 0x00, 0x00, 0x04, 0x00, 0x00, 0x00, 0x01, 0x00, 0x00, 0x00, 0x03, 0x00, 0x00, 0x00, 0x0C,
0x00, 0x00, 0x00, 0x01, 0x00, 0x00, 0x00, 0x00, 0x00, 0x00, 0x00, 0x28, 0x00, 0x00, 0x00, 0x0F,
0x00, 0x00, 0x00, 0x03, 0x00, 0x00, 0x00, 0x05, 0x00, 0x00, 0x00, 0x0C, 0x00, 0x00, 0x00, 0x01,
0x00, 0x00, 0x00, 0x00, 0x00, 0x00, 0x00, 0x29, 0x00, 0x00, 0x00, 0x0F, 0x00, 0x00, 0x00, 0x03,
0x00, 0x00, 0x00, 0x05, 0x00, 0x00, 0x00, 0x0C, 0x00, 0x00, 0x00, 0x01, 0x00, 0x00, 0x00, 0x00,
0x00, 0x00, 0x00, 0x2A, 0x00, 0x00, 0x00, 0x05, 0x00, 0x00, 0x00, 0x05, 0x00, 0x00, 0x00, 0x06,
0x00, 0x00, 0x00, 0x0C, 0x00, 0x00, 0x00, 0x00, 0x00, 0x00, 0x00, 0x00, 0x00, 0x00, 0x00, 0x2B,
0x00, 0x00, 0x00, 0x07, 0x00, 0x00, 0x00, 0x07, 0x00, 0x00, 0x00, 0x09, 0x00, 0x00, 0x00, 0x09,
0x00, 0x00, 0x00, 0x01, 0x00, 0x00, 0x00, 0x00, 0x00, 0x00, 0x00, 0x2C, 0x00, 0x00, 0x00, 0x04,
0x00, 0x00, 0x00, 0x01, 0x00, 0x00, 0x00, 0x04, 0x00, 0x00, 0x00, 0x01, 0x00, 0x00, 0x00, 0x02,
0x00, 0x00, 0x00, 0x00, 0x00, 0x00, 0x00, 0x2D, 0x00, 0x00, 0x00, 0x01, 0x00, 0x00, 0x00, 0x04,
0x00, 0x00, 0x00, 0x05, 0x00, 0x00, 0x00, 0x04, 0x00, 0x00, 0x00, 0x00, 0x00, 0x00, 0x00, 0x00,
0x00, 0x00, 0x00, 0x2E, 0x00, 0x00, 0x00, 0x01, 0x00, 0x00, 0x00, 0x01, 0x00, 0x00, 0x00, 0x04,
0x00, 0x00, 0x00, 0x01, 0x00, 0x00, 0x00, 0x02, 0x00, 0x00, 0x00, 0x00, 0x00, 0x00, 0x00, 0x2E,
0x00, 0x00, 0x00, 0x01, 0x00, 0x00, 0x00, 0x01, 0x00, 0x00, 0x00, 0x04, 0x00, 0x00, 0x00, 0x01,
0x00, 0x00, 0x00, 0x02, 0x00, 0x00, 0x00, 0x00, 0x00, 0x00, 0x00, 0x2F, 0x00, 0x00, 0x00, 0x0C,
0x00, 0x00, 0x00, 0x04, 0x00, 0x00, 0x00, 0x04, 0x00, 0x00, 0x00, 0x0C, 0x00, 0x00, 0x00, 0x00,
0x00, 0x00, 0x00, 0x00, 0x00, 0x00, 0x00, 0x30, 0x00, 0x00, 0x00, 0x0C, 0x00, 0x00, 0x00, 0x07,
0x00, 0x00, 0x00, 0x09, 0x00, 0x00, 0x00, 0x0C, 0x00, 0x00, 0x00, 0x01, 0x00, 0x00, 0x00, 0x00,
0x00, 0x00, 0x00, 0x30, 0x00, 0x00, 0x00, 0x0C, 0x00, 0x00, 0x00, 0x07, 0x00, 0x00, 0x00, 0x09,
0x00, 0x00, 0x00, 0x0C, 0x00, 0x00, 0x00, 0x01, 0x00, 0x00, 0x00, 0x00, 0x00, 0x00, 0x00, 0x31,
0x00, 0x00, 0x00, 0x0C, 0x00, 0x00, 0x00, 0x04, 0x00, 0x00, 0x00, 0x09, 0x00, 0x00, 0x00, 0x0C,
0x00, 0x00, 0x00, 0x02, 0x00, 0x00, 0x00, 0x00, 0x00, 0x00, 0x00, 0x31, 0x00, 0x00, 0x00, 0x0C,
0x00, 0x00, 0x00, 0x04, 0x00, 0x00, 0x00, 0x09, 0x00, 0x00, 0x00, 0x0C, 0x00, 0x00, 0x00, 0x02,
0x00, 0x00, 0x00, 0x00, 0x00, 0x00, 0x00, 0x32, 0x00, 0x00, 0x00, 0x0C, 0x00, 0x00, 0x00, 0x07,
0x00, 0x00, 0x00, 0x09, 0x00, 0x00, 0x00, 0x0C, 0x00, 0x00, 0x00, 0x01, 0x00, 0x00, 0x00, 0x00,
0x00, 0x00, 0x00, 0x32, 0x00, 0x00, 0x00, 0x0C, 0x00, 0x00, 0x00, 0x07, 0x00, 0x00, 0x00, 0x09,
0x00, 0x00, 0x00, 0x0C, 0x00, 0x00, 0x00, 0x01, 0x00, 0x00, 0x00, 0x00, 0x00, 0x00, 0x00, 0x33,
0x00, 0x00, 0x00, 0x0C, 0x00, 0x00, 0x00, 0x07, 0x00, 0x00, 0x00, 0x09, 0x00, 0x00, 0x00, 0x0C,
0x00, 0x00, 0x00, 0x01, 0x00, 0x00, 0x00, 0x00, 0x00, 0x00, 0x00, 0x33, 0x00, 0x00, 0x00, 0x0C,
0x00, 0x00, 0x00, 0x07, 0x00, 0x00, 0x00, 0x09, 0x00, 0x00, 0x00, 0x0C, 0x00, 0x00, 0x00, 0x01,
0x00, 0x00, 0x00, 0x00, 0x00, 0x00, 0x00, 0x34, 0x00, 0x00, 0x00, 0x0C, 0x00, 0x00, 0x00, 0x08,
0x00, 0x00, 0x00, 0x09, 0x00, 0x00, 0x00, 0x0C, 0x00, 0x00, 0x00, 0x00, 0x00, 0x00, 0x00, 0x00,
0x00, 0x00, 0x00, 0x34, 0x00, 0x00, 0x00, 0x0C, 0x00, 0x00, 0x00, 0x08, 0x00, 0x00, 0x00, 0x09,
0x00, 0x00, 0x00, 0x0C, 0x00, 0x00, 0x00, 0x00, 0x00, 0x00, 0x00, 0x00, 0x00, 0x00, 0x00, 0x35,
0x00, 0x00, 0x00, 0x0C, 0x00, 0x00, 0x00, 0x07, 0x00, 0x00, 0x00, 0x09, 0x00, 0x00, 0x00, 0x0C,
0x00, 0x00, 0x00, 0x01, 0x00, 0x00, 0x00, 0x00, 0x00, 0x00, 0x00, 0x35, 0x00, 0x00, 0x00, 0x0C,
0x00, 0x00, 0x00, 0x07, 0x00, 0x00, 0x00, 0x09, 0x00, 0x00, 0x00, 0x0C, 0x00, 0x00, 0x00, 0x01,
0x00, 0x00, 0x00, 0x00, 0x00, 0x00, 0x00, 0x36, 0x00, 0x00, 0x00, 0x0C, 0x00, 0x00, 0x00, 0x07,
0x00, 0x00, 0x00, 0x09, 0x00, 0x00, 0x00, 0x0C, 0x00, 0x00, 0x00, 0x01, 0x00, 0x00, 0x00, 0x00,
0x00, 0x00, 0x00, 0x36, 0x00, 0x00, 0x00, 0x0C, 0x00, 0x00, 0x00, 0x07, 0x00, 0x00, 0x00, 0x09,
0x00, 0x00, 0x00, 0x0C, 0x00, 0x00, 0x00, 0x01, 0x00, 0x00, 0x00, 0x00, 0x00, 0x00, 0x00, 0x37,
0x00, 0x00, 0x00, 0x0C, 0x00, 0x00, 0x00, 0x06, 0x00, 0x00, 0x00, 0x09, 0x00, 0x00, 0x00, 0x0C,
0x00, 0x00, 0x00, 0x02, 0x00, 0x00, 0x00, 0x00, 0x00, 0x00, 0x00, 0x37, 0x00, 0x00, 0x00, 0x0C,
0x00, 0x00, 0x00, 0x06, 0x00, 0x00, 0x00, 0x09, 0x00, 0x00, 0x00, 0x0C, 0x00, 0x00, 0x00, 0x02,
0x00, 0x00, 0x00, 0x00, 0x00, 0x00, 0x00, 0x38, 0x00, 0x00, 0x00, 0x0C, 0x00, 0x00, 0x00, 0x07,
0x00, 0x00, 0x00, 0x09, 0x00, 0x00, 0x00, 0x0C, 0x00, 0x00, 0x00, 0x01, 0x00, 0x00, 0x00, 0x00,
0x00, 0x00, 0x00, 0x38, 0x00, 0x00, 0x00, 0x0C, 0x00, 0x00, 0x00, 0x07, 0x00, 0x00, 0x00, 0x09,
0x00, 0x00, 0x00, 0x0C, 0x00, 0x00, 0x00, 0x01, 0x00, 0x00, 0x00, 0x00, 0x00, 0x00, 0x00, 0x39,
0x00, 0x00, 0x00, 0x0C, 0x00, 0x00, 0x00, 0x07, 0x00, 0x00, 0x00, 0x09, 0x00, 0x00, 0x00, 0x0C,
0x00, 0x00, 0x00, 0x01, 0x00, 0x00, 0x00, 0x00, 0x00, 0x00, 0x00, 0x39, 0x00, 0x00, 0x00, 0x0C,
0x00, 0x00, 0x00, 0x07, 0x00, 0x00, 0x00, 0x09, 0x00, 0x00, 0x00, 0x0C, 0x00, 0x00, 0x00, 0x01,
0x00, 0x00, 0x00, 0x00, 0x00, 0x00, 0x00, 0x3A, 0x00, 0x00, 0x00, 0x09, 0x00, 0x00, 0x00, 0x01,
0x00, 0x00, 0x00, 0x04, 0x00, 0x00, 0x00, 0x09, 0x00, 0x00, 0x00, 0x01, 0x00, 0x00, 0x00, 0x00,
0x00, 0x00, 0x00, 0x3A, 0x00, 0x00, 0x00, 0x09, 0x00, 0x00, 0x00, 0x01, 0x00, 0x00, 0x00, 0x04,
0x00, 0x00, 0x00, 0x09, 0x00, 0x00, 0x00, 0x01, 0x00, 0x00, 0x00, 0x00, 0x00, 0x00, 0x00, 0x3B,
0x00, 0x00, 0x00, 0x0C, 0x00, 0x00, 0x00, 0x01, 0x00, 0x00, 0x00, 0x04, 0x00, 0x00, 0x00, 0x09,
0x00, 0x00, 0x00, 0x01, 0x00, 0x00, 0x00, 0x00, 0x00, 0x00, 0x00, 0x3C, 0x00, 0x00, 0x00, 0x07,
0x00, 0x00, 0x00, 0x07, 0x00, 0x00, 0x00, 0x09, 0x00, 0x00, 0x00, 0x09, 0x00, 0x00, 0x00, 0x01,
0x00, 0x00, 0x00, 0x00, 0x00, 0x00, 0x00, 0x3D, 0x00, 0x00, 0x00, 0x05, 0x00, 0x00, 0x00, 0x07,
0x00, 0x00, 0x00, 0x09, 0x00, 0x00, 0x00, 0x08, 0x00, 0x00, 0x00, 0x01, 0x00, 0x00, 0x00, 0x00,
0x00, 0x00, 0x00, 0x3E, 0x00, 0x00, 0x00, 0x07, 0x00, 0x00, 0x00, 0x07, 0x00, 0x00, 0x00, 0x09,
0x00, 0x00, 0x00, 0x09, 0x00, 0x00, 0x00, 0x01, 0x00, 0x00, 0x00, 0x00, 0x00, 0x00, 0x00, 0x3F,
0x00, 0x00, 0x00, 0x0C, 0x00, 0x00, 0x00, 0x07, 0x00, 0x00, 0x00, 0x09, 0x00, 0x00, 0x00, 0x0C,
0x00, 0x00, 0x00, 0x01, 0x00, 0x00, 0x00, 0x00, 0x00, 0x00, 0x00, 0x40, 0x00, 0x00, 0x00, 0x0F,
0x00, 0x00, 0x00, 0x0F, 0x00, 0x00, 0x00, 0x10, 0x00, 0x00, 0x00, 0x0C, 0x00, 0x00, 0x00, 0x01,
0x00, 0x00, 0x00, 0x00, 0x00, 0x00, 0x00, 0x41, 0x00, 0x00, 0x00, 0x0C, 0x00, 0x00, 0x00, 0x0B,
0x00, 0x00, 0x00, 0x0B, 0x00, 0x00, 0x00, 0x0C, 0x00, 0x00, 0x00, 0x00, 0x00, 0x00, 0x00, 0x00,
0x00, 0x00, 0x00, 0x41, 0x00, 0x00, 0x00, 0x0C, 0x00, 0x00, 0x00, 0x0B, 0x00, 0x00, 0x00, 0x0B,
0x00, 0x00, 0x00, 0x0C, 0x00, 0x00, 0x00, 0x00, 0x00, 0x00, 0x00, 0x00, 0x00, 0x00, 0x00, 0x42,
0x00, 0x00, 0x00, 0x0C, 0x00, 0x00, 0x00, 0x09, 0x00, 0x00, 0x00, 0x0B, 0x00, 0x00, 0x00, 0x0C,
0x00, 0x00, 0x00, 0x01, 0x00, 0x00, 0x00, 0x00, 0x00, 0x00, 0x00, 0x42, 0x00, 0x00, 0x00, 0x0C,
0x00, 0x00, 0x00, 0x09, 0x00, 0x00, 0x00, 0x0B, 0x00, 0x00, 0x00, 0x0C, 0x00, 0x00, 0x00, 0x01,
0x00, 0x00, 0x00, 0x00, 0x00, 0x00, 0x00, 0x43, 0x00, 0x00, 0x00, 0x0C, 0x00, 0x00, 0x00, 0x0A,
0x00, 0x00, 0x00, 0x0C, 0x00, 0x00, 0x00, 0x0C, 0x00, 0x00, 0x00, 0x01, 0x00, 0x00, 0x00, 0x00,
0x00, 0x00, 0x00, 0x43, 0x00, 0x00, 0x00, 0x0C, 0x00, 0x00, 0x00, 0x0A, 0x00, 0x00, 0x00, 0x0C,
0x00, 0x00, 0x00, 0x0C, 0x00, 0x00, 0x00, 0x01, 0x00, 0x00, 0x00, 0x00, 0x00, 0x00, 0x00, 0x44,
0x00, 0x00, 0x00, 0x0C, 0x00, 0x00, 0x00, 0x0A, 0x00, 0x00, 0x00, 0x0C, 0x00, 0x00, 0x00, 0x0C,
0x00, 0x00, 0x00, 0x01, 0x00, 0x00, 0x00, 0x00, 0x00, 0x00, 0x00, 0x45, 0x00, 0x00, 0x00, 0x0C,
0x00, 0x00, 0x00, 0x09, 0x00, 0x00, 0x00, 0x0B, 0x00, 0x00, 0x00, 0x0C, 0x00, 0x00, 0x00, 0x01,
0x00, 0x00, 0x00, 0x00, 0x00, 0x00, 0x00, 0x46, 0x00, 0x00, 0x00, 0x0C, 0x00, 0x00, 0x00, 0x08,
0x00, 0x00, 0x00, 0x0A, 0x00, 0x00, 0x00, 0x0C, 0x00, 0x00, 0x00, 0x01, 0x00, 0x00, 0x00, 0x00,
0x00, 0x00, 0x00, 0x47, 0x00, 0x00, 0x00, 0x0C, 0x00, 0x00, 0x00, 0x0A, 0x00, 0x00, 0x00, 0x0C,
0x00, 0x00, 0x00, 0x0C, 0x00, 0x00, 0x00, 0x01, 0x00, 0x00, 0x00, 0x00, 0x00, 0x00, 0x00, 0x48,
0x00, 0x00, 0x00, 0x0C, 0x00, 0x00, 0x00, 0x09, 0x00, 0x00, 0x00, 0x0B, 0x00, 0x00, 0x00, 0x0C,
0x00, 0x00, 0x00, 0x01, 0x00, 0x00, 0x00, 0x00, 0x00, 0x00, 0x00, 0x49, 0x00, 0x00, 0x00, 0x0C,
0x00, 0x00, 0x00, 0x01, 0x00, 0x00, 0x00, 0x03, 0x00, 0x00, 0x00, 0x0C, 0x00, 0x00, 0x00, 0x01,
0x00, 0x00, 0x00, 0x00, 0x00, 0x00, 0x00, 0x49, 0x00, 0x00, 0x00, 0x0C, 0x00, 0x00, 0x00, 0x01,
0x00, 0x00, 0x00, 0x03, 0x00, 0x00, 0x00, 0x0C, 0x00, 0x00, 0x00, 0x01, 0x00, 0x00, 0x00, 0x00,
0x00, 0x00, 0x00, 0x4A, 0x00, 0x00, 0x00, 0x0C, 0x00, 0x00, 0x00, 0x06, 0x00, 0x00, 0x00, 0x08,
0x00, 0x00, 0x00, 0x0C, 0x00, 0x00, 0x00, 0x01, 0x00, 0x00, 0x00, 0x00, 0x00, 0x00, 0x00, 0x4B,
0x00, 0x00, 0x00, 0x0C, 0x00, 0x00, 0x00, 0x09, 0x00, 0x00, 0x00, 0x0B, 0x00, 0x00, 0x00, 0x0C,
0x00, 0x00, 0x00, 0x01, 0x00, 0x00, 0x00, 0x00, 0x00, 0x00, 0x00, 0x4B, 0x00, 0x00, 0x00, 0x0C,
0x00, 0x00, 0x00, 0x09, 0x00, 0x00, 0x00, 0x0B, 0x00, 0x00, 0x00, 0x0C, 0x00, 0x00, 0x00, 0x01,
0x00, 0x00, 0x00, 0x00, 0x00, 0x00, 0x00, 0x4C, 0x00, 0x00, 0x00, 0x0C, 0x00, 0x00, 0x00, 0x07,
0x00, 0x00, 0x00, 0x09, 0x00, 0x00, 0x00, 0x0C, 0x00, 0x00, 0x00, 0x01, 0x00, 0x00, 0x00, 0x00,
0x00, 0x00, 0x00, 0x4D, 0x00, 0x00, 0x00, 0x0C, 0x00, 0x00, 0x00, 0x0B, 0x00, 0x00, 0x00, 0x0D,
0x00, 0x00, 0x00, 0x0C, 0x00, 0x00, 0x00, 0x01, 0x00, 0x00, 0x00, 0x00, 0x00, 0x00, 0x00, 0x4D,
0x00, 0x00, 0x00, 0x0C, 0x00, 0x00, 0x00, 0x0B, 0x00, 0x00, 0x00, 0x0D, 0x00, 0x00, 0x00, 0x0C,
0x00, 0x00, 0x00, 0x01, 0x00, 0x00, 0x00, 0x00, 0x00, 0x00, 0x00, 0x4E, 0x00, 0x00, 0x00, 0x0C,
0x00, 0x00, 0x00, 0x09, 0x00, 0x00, 0x00, 0x0B, 0x00, 0x00, 0x00, 0x0C, 0x00, 0x00, 0x00, 0x01,
0x00, 0x00, 0x00, 0x00, 0x00, 0x00, 0x00, 0x4F, 0x00, 0x00, 0x00, 0x0C, 0x00, 0x00, 0x00, 0x0A,
0x00, 0x00, 0x00, 0x0C, 0x00, 0x00, 0x00, 0x0C, 0x00, 0x00, 0x00, 0x01, 0x00, 0x00, 0x00, 0x00,
0x00, 0x00, 0x00, 0x4F, 0x00, 0x00, 0x00, 0x0C, 0x00, 0x00, 0x00, 0x0A, 0x00, 0x00, 0x00, 0x0C,
0x00, 0x00, 0x00, 0x0C, 0x00, 0x00, 0x00, 0x01, 0x00, 0x00, 0x00, 0x00, 0x00, 0x00, 0x00, 0x50,
0x00, 0x00, 0x00, 0x0C, 0x00, 0x00, 0x00, 0x09, 0x00, 0x00, 0x00, 0x0B, 0x00, 0x00, 0x00, 0x0C,
0x00, 0x00, 0x00, 0x01, 0x00, 0x00, 0x00, 0x00, 0x00, 0x00, 0x00, 0x50, 0x00, 0x00, 0x00, 0x0C,
0x00, 0x00, 0x00, 0x09, 0x00, 0x00, 0x00, 0x0B, 0x00, 0x00, 0x00, 0x0C, 0x00, 0x00, 0x00, 0x01,
0x00, 0x00, 0x00, 0x00, 0x00, 0x00, 0x00, 0x51, 0x00, 0x00, 0x00, 0x0D, 0x00, 0x00, 0x00, 0x0A,
0x00, 0x00, 0x00, 0x0C, 0x00, 0x00, 0x00, 0x0C, 0x00, 0x00, 0x00, 0x01, 0x00, 0x00, 0x00, 0x00,
0x00, 0x00, 0x00, 0x51, 0x00, 0x00, 0x00, 0x0D, 0x00, 0x00, 0x00, 0x0A, 0x00, 0x00, 0x00, 0x0C,
0x00, 0x00, 0x00, 0x0C, 0x00, 0x00, 0x00, 0x01, 0x00, 0x00, 0x00, 0x00, 0x00, 0x00, 0x00, 0x52,
0x00, 0x00, 0x00, 0x0C, 0x00, 0x00, 0x00, 0x0A, 0x00, 0x00, 0x00, 0x0B, 0x00, 0x00, 0x00, 0x0C,
0x00, 0x00, 0x00, 0x01, 0x00, 0x00, 0x00, 0x00, 0x00, 0x00, 0x00, 0x53, 0x00, 0x00, 0x00, 0x0C,
0x00, 0x00, 0x00, 0x09, 0x00, 0x00, 0x00, 0x0B, 0x00, 0x00, 0x00, 0x0C, 0x00, 0x00, 0x00, 0x01,
0x00, 0x00, 0x00, 0x00, 0x00, 0x00, 0x00, 0x54, 0x00, 0x00, 0x00, 0x0C, 0x00, 0x00, 0x00, 0x09,
0x00, 0x00, 0x00, 0x09, 0x00, 0x00, 0x00, 0x0C, 0x00, 0x00, 0x00, 0x00, 0x00, 0x00, 0x00, 0x00,
0x00, 0x00, 0x00, 0x54, 0x00, 0x00, 0x00, 0x0C, 0x00, 0x00, 0x00, 0x09, 0x00, 0x00, 0x00, 0x09,
0x00, 0x00, 0x00, 0x0C, 0x00, 0x00, 0x00, 0x00, 0x00, 0x00, 0x00, 0x00, 0x00, 0x00, 0x00, 0x55,
0x00, 0x00, 0x00, 0x0C, 0x00, 0x00, 0x00, 0x09, 0x00, 0x00, 0x00, 0x0B, 0x00, 0x00, 0x00, 0x0C,
0x00, 0x00, 0x00, 0x01, 0x00, 0x00, 0x00, 0x00, 0x00, 0x00, 0x00, 0x56, 0x00, 0x00, 0x00, 0x0C,
0x00, 0x00, 0x00, 0x0B, 0x00, 0x00, 0x00, 0x0B, 0x00, 0x00, 0x00, 0x0C, 0x00, 0x00, 0x00, 0x00,
0x00, 0x00, 0x00, 0x00, 0x00, 0x00, 0x00, 0x56, 0x00, 0x00, 0x00, 0x0C, 0x00, 0x00, 0x00, 0x0B,
0x00, 0x00, 0x00, 0x0B, 0x00, 0x00, 0x00, 0x0C, 0x00, 0x00, 0x00, 0x00, 0x00, 0x00, 0x00, 0x00,
0x00, 0x00, 0x00, 0x57, 0x00, 0x00, 0x00, 0x0C, 0x00, 0x00, 0x00, 0x0F, 0x00, 0x00, 0x00, 0x0F,
0x00, 0x00, 0x00, 0x0C, 0x00, 0x00, 0x00, 0x00, 0x00, 0x00, 0x00, 0x00, 0x00, 0x00, 0x00, 0x58,
0x00, 0x00, 0x00, 0x0C, 0x00, 0x00, 0x00, 0x0B, 0x00, 0x00, 0x00, 0x0B, 0x00, 0x00, 0x00, 0x0C,
0x00, 0x00, 0x00, 0x00, 0x00, 0x00, 0x00, 0x00, 0x00, 0x00, 0x00, 0x59, 0x00, 0x00, 0x00, 0x0C,
0x00, 0x00, 0x00, 0x09, 0x00, 0x00, 0x00, 0x09, 0x00, 0x00, 0x00, 0x0C, 0x00, 0x00, 0x00, 0x00,
0x00, 0x00, 0x00, 0x00, 0x00, 0x00, 0x00, 0x5A, 0x00, 0x00, 0x00, 0x0C, 0x00, 0x00, 0x00, 0x09,
0x00, 0x00, 0x00, 0x09, 0x00, 0x00, 0x00, 0x0C, 0x00, 0x00, 0x00, 0x00, 0x00, 0x00, 0x00, 0x00,
0x00, 0x00, 0x00, 0x5B, 0x00, 0x00, 0x00, 0x0F, 0x00, 0x00, 0x00, 0x03, 0x00, 0x00, 0x00, 0x04,
0x00, 0x00, 0x00, 0x0C, 0x00, 0x00, 0x00, 0x01, 0x00, 0x00, 0x00, 0x00, 0x00, 0x00, 0x00, 0x5C,
0x00, 0x00, 0x00, 0x0C, 0x00, 0x00, 0x00, 0x04, 0x00, 0x00, 0x00, 0x04, 0x00, 0x00, 0x00, 0x0C,
0x00, 0x00, 0x00, 0x00, 0x00, 0x00, 0x00, 0x00, 0x00, 0x00, 0x00, 0x5D, 0x00, 0x00, 0x00, 0x0F,
0x00, 0x00, 0x00, 0x03, 0x00, 0x00, 0x00, 0x04, 0x00, 0x00, 0x00, 0x0C, 0x00, 0x00, 0x00, 0x00,
0x00, 0x00, 0x00, 0x00, 0x00, 0x00, 0x00, 0x5E, 0x00, 0x00, 0x00, 0x06, 0x00, 0x00, 0x00, 0x07,
0x00, 0x00, 0x00, 0x07, 0x00, 0x00, 0x00, 0x0C, 0x00, 0x00, 0x00, 0x00, 0x00, 0x00, 0x00, 0x00,
0x00, 0x00, 0x00, 0x5F, 0x00, 0x00, 0x00, 0x01, 0x00, 0x00, 0x00, 0x09, 0x00, 0x00, 0x00, 0x09,
0xFF, 0xFF, 0xFF, 0xFE, 0x00, 0x00, 0x00, 0x00, 0x00, 0x00, 0x00, 0x00, 0x00, 0x00, 0x00, 0x60,
0x00, 0x00, 0x00, 0x02, 0x00, 0x00, 0x00, 0x02, 0x00, 0x00, 0x00, 0x05, 0x00, 0x00, 0x00, 0x0C,
0x00, 0x00, 0x00, 0x01, 0x00, 0x00, 0x00, 0x00, 0x00, 0x00, 0x00, 0x61, 0x00, 0x00, 0x00, 0x09,
0x00, 0x00, 0x00, 0x07, 0x00, 0x00, 0x00, 0x09, 0x00, 0x00, 0x00, 0x09, 0x00, 0x00, 0x00, 0x01,
0x00, 0x00, 0x00, 0x00, 0x00, 0x00, 0x00, 0x61, 0x00, 0x00, 0x00, 0x09, 0x00, 0x00, 0x00, 0x07,
0x00, 0x00, 0x00, 0x09, 0x00, 0x00, 0x00, 0x09, 0x00, 0x00, 0x00, 0x01, 0x00, 0x00, 0x00, 0x00,
0x00, 0x00, 0x00, 0x62, 0x00, 0x00, 0x00, 0x0C, 0x00, 0x00, 0x00, 0x07, 0x00, 0x00, 0x00, 0x09,
0x00, 0x00, 0x00, 0x0C, 0x00, 0x00, 0x00, 0x01, 0x00, 0x00, 0x00, 0x00, 0x00, 0x00, 0x00, 0x62,
0x00, 0x00, 0x00, 0x0C, 0x00, 0x00, 0x00, 0x07, 0x00, 0x00, 0x00, 0x09, 0x00, 0x00, 0x00, 0x0C,
0x00, 0x00, 0x00, 0x01, 0x00, 0x00, 0x00, 0x00, 0x00, 0x00, 0x00, 0x63, 0x00, 0x00, 0x00, 0x09,
0x00, 0x00, 0x00, 0x06, 0x00, 0x00, 0x00, 0x08, 0x00, 0x00, 0x00, 0x09, 0x00, 0x00, 0x00, 0x01,
0x00, 0x00, 0x00, 0x00, 0x00, 0x00, 0x00, 0x64, 0x00, 0x00, 0x00, 0x0C, 0x00, 0x00, 0x00, 0x07,
0x00, 0x00, 0x00, 0x09, 0x00, 0x00, 0x00, 0x0C, 0x00, 0x00, 0x00, 0x01, 0x00, 0x00, 0x00, 0x00,
0x00, 0x00, 0x00, 0x65, 0x00, 0x00, 0x00, 0x09, 0x00, 0x00, 0x00, 0x07, 0x00, 0x00, 0x00, 0x09,
0x00, 0x00, 0x00, 0x09, 0x00, 0x00, 0x00, 0x01, 0x00, 0x00, 0x00, 0x00, 0x00, 0x00, 0x00, 0x66,
0x00, 0x00, 0x00, 0x0C, 0x00, 0x00, 0x00, 0x05, 0x00, 0x00, 0x00, 0x04, 0x00, 0x00, 0x00, 0x0C,
0x00, 0x00, 0x00, 0x00, 0x00, 0x00, 0x00, 0x00, 0x00, 0x00, 0x00, 0x67, 0x00, 0x00, 0x00, 0x0C,
0x00, 0x00, 0x00, 0x07, 0x00, 0x00, 0x00, 0x09, 0x00, 0x00, 0x00, 0x09, 0x00, 0x00, 0x00, 0x01,
0x00, 0x00, 0x00, 0x00, 0x00, 0x00, 0x00, 0x68, 0x00, 0x00, 0x00, 0x0C, 0x00, 0x00, 0x00, 0x06,
0x00, 0x00, 0x00, 0x08, 0x00, 0x00, 0x00, 0x0C, 0x00, 0x00, 0x00, 0x01, 0x00, 0x00, 0x00, 0x00,
0x00, 0x00, 0x00, 0x69, 0x00, 0x00, 0x00, 0x0C, 0x00, 0x00, 0x00, 0x01, 0x00, 0x00, 0x00, 0x04,
0x00, 0x00, 0x00, 0x0C, 0x00, 0x00, 0x00, 0x01, 0x00, 0x00, 0x00, 0x00, 0x00, 0x00, 0x00, 0x6A,
0x00, 0x00, 0x00, 0x0F, 0x00, 0x00, 0x00, 0x03, 0x00, 0x00, 0x00, 0x03, 0x00, 0x00, 0x00, 0x0C,
0xFF, 0xFF, 0xFF, 0xFF, 0x00, 0x00, 0x00, 0x00, 0x00, 0x00, 0x00, 0x6B, 0x00, 0x00, 0x00, 0x0C,
0x00, 0x00, 0x00, 0x08, 0x00, 0x00, 0x00, 0x08, 0x00, 0x00, 0x00, 0x0C, 0x00, 0x00, 0x00, 0x01,
0x00, 0x00, 0x00, 0x00, 0x00, 0x00, 0x00, 0x6B, 0x00, 0x00, 0x00, 0x0C, 0x00, 0x00, 0x00, 0x08,
0x00, 0x00, 0x00, 0x08, 0x00, 0x00, 0x00, 0x0C, 0x00, 0x00, 0x00, 0x01, 0x00, 0x00, 0x00, 0x00,
0x00, 0x00, 0x00, 0x6C, 0x00, 0x00, 0x00, 0x0C, 0x00, 0x00, 0x00, 0x01, 0x00, 0x00, 0x00, 0x03,
0x00, 0x00, 0x00, 0x0C, 0x00, 0x00, 0x00, 0x01, 0x00, 0x00, 0x00, 0x00, 0x00, 0x00, 0x00, 0x6D,
0x00, 0x00, 0x00, 0x09, 0x00, 0x00, 0x00, 0x0B, 0x00, 0x00, 0x00, 0x0D, 0x00, 0x00, 0x00, 0x09,
0x00, 0x00, 0x00, 0x01, 0x00, 0x00, 0x00, 0x00, 0x00, 0x00, 0x00, 0x6D, 0x00, 0x00, 0x00, 0x09,
0x00, 0x00, 0x00, 0x0B, 0x00, 0x00, 0x00, 0x0D, 0x00, 0x00, 0x00, 0x09, 0x00, 0x00, 0x00, 0x01,
0x00, 0x00, 0x00, 0x00, 0x00, 0x00, 0x00, 0x6E, 0x00, 0x00, 0x00, 0x09, 0x00, 0x00, 0x00, 0x06,
0x00, 0x00, 0x00, 0x08, 0x00, 0x00, 0x00, 0x09, 0x00, 0x00, 0x00, 0x01, 0x00, 0x00, 0x00, 0x00,
0x00, 0x00, 0x00, 0x6F, 0x00, 0x00, 0x00, 0x09, 0x00, 0x00, 0x00, 0x07, 0x00, 0x00, 0x00, 0x09,
0x00, 0x00, 0x00, 0x09, 0x00, 0x00, 0x00, 0x01, 0x00, 0x00, 0x00, 0x00, 0x00, 0x00, 0x00, 0x70,
0x00, 0x00, 0x00, 0x0C, 0x00, 0x00, 0x00, 0x07, 0x00, 0x00, 0x00, 0x09, 0x00, 0x00, 0x00, 0x09,
0x00, 0x00, 0x00, 0x01, 0x00, 0x00, 0x00, 0x00, 0x00, 0x00, 0x00, 0x70, 0x00, 0x00, 0x00, 0x0C,
0x00, 0x00, 0x00, 0x07, 0x00, 0x00, 0x00, 0x09, 0x00, 0x00, 0x00, 0x09, 0x00, 0x00, 0x00, 0x01,
0x00, 0x00, 0x00, 0x00, 0x00, 0x00, 0x00, 0x71, 0x00, 0x00, 0x00, 0x0C, 0x00, 0x00, 0x00, 0x07,
0x00, 0x00, 0x00, 0x09, 0x00, 0x00, 0x00, 0x09, 0x00, 0x00, 0x00, 0x01, 0x00, 0x00, 0x00, 0x00,
0x00, 0x00, 0x00, 0x72, 0x00, 0x00, 0x00, 0x09, 0x00, 0x00, 0x00, 0x04, 0x00, 0x00, 0x00, 0x05,
0x00, 0x00, 0x00, 0x09, 0x00, 0x00, 0x00, 0x01, 0x00, 0x00, 0x00, 0x00, 0x00, 0x00, 0x00, 0x73,
0x00, 0x00, 0x00, 0x09, 0x00, 0x00, 0x00, 0x06, 0x00, 0x00, 0x00, 0x08, 0x00, 0x00, 0x00, 0x09,
0x00, 0x00, 0x00, 0x01, 0x00, 0x00, 0x00, 0x00, 0x00, 0x00, 0x00, 0x74, 0x00, 0x00, 0x00, 0x0C,
0x00, 0x00, 0x00, 0x04, 0x00, 0x00, 0x00, 0x04, 0x00, 0x00, 0x00, 0x0C, 0x00, 0x00, 0x00, 0x00,
0x00, 0x00, 0x00, 0x00, 0x00, 0x00, 0x00, 0x75, 0x00, 0x00, 0x00, 0x09, 0x00, 0x00, 0x00, 0x06,
0x00, 0x00, 0x00, 0x08, 0x00, 0x00, 0x00, 0x09, 0x00, 0x00, 0x00, 0x01, 0x00, 0x00, 0x00, 0x00,
0x00, 0x00, 0x00, 0x76, 0x00, 0x00, 0x00, 0x09, 0x00, 0x00, 0x00, 0x09, 0x00, 0x00, 0x00, 0x07,
0x00, 0x00, 0x00, 0x09, 0xFF, 0xFF, 0xFF, 0xFF, 0x00, 0x00, 0x00, 0x00, 0x00, 0x00, 0x00, 0x77,
0x00, 0x00, 0x00, 0x09, 0x00, 0x00, 0x00, 0x0B, 0x00, 0x00, 0x00, 0x0B, 0x00, 0x00, 0x00, 0x09,
0x00, 0x00, 0x00, 0x00, 0x00, 0x00, 0x00, 0x00, 0x00, 0x00, 0x00, 0x78, 0x00, 0x00, 0x00, 0x09,
0x00, 0x00, 0x00, 0x07, 0x00, 0x00, 0x00, 0x07, 0x00, 0x00, 0x00, 0x09, 0x00, 0x00, 0x00, 0x00,
0x00, 0x00, 0x00, 0x00, 0x00, 0x00, 0x00, 0x79, 0x00, 0x00, 0x00, 0x0C, 0x00, 0x00, 0x00, 0x08,
0x00, 0x00, 0x00, 0x07, 0x00, 0x00, 0x00, 0x09, 0xFF, 0xFF, 0xFF, 0xFF, 0x00, 0x00, 0x00, 0x00,
0x00, 0x00, 0x00, 0x7A, 0x00, 0x00, 0x00, 0x09, 0x00, 0x00, 0x00, 0x07, 0x00, 0x00, 0x00, 0x07,
0x00, 0x00, 0x00, 0x09, 0x00, 0x00, 0x00, 0x00, 0x00, 0x00, 0x00, 0x00, 0x00, 0x00, 0x00, 0x7B,
0x00, 0x00, 0x00, 0x0F, 0x00, 0x00, 0x00, 0x05, 0x00, 0x00, 0x00, 0x05, 0x00, 0x00, 0x00, 0x0C,
0x00, 0x00, 0x00, 0x00, 0x00, 0x00, 0x00, 0x00, 0x00, 0x00, 0x00, 0x7C, 0x00, 0x00, 0x00, 0x0F,
0x00, 0x00, 0x00, 0x01, 0x00, 0x00, 0x00, 0x03, 0x00, 0x00, 0x00, 0x0C, 0x00, 0x00, 0x00, 0x01,
0x00, 0x00, 0x00, 0x00, 0x00, 0x00, 0x00, 0x7D, 0x00, 0x00, 0x00, 0x0F, 0x00, 0x00, 0x00, 0x05,
0x00, 0x00, 0x00, 0x05, 0x00, 0x00, 0x00, 0x0C, 0x00, 0x00, 0x00, 0x00, 0x00, 0x00, 0x00, 0x00,
0x00, 0x00, 0x00, 0x7E, 0x00, 0x00, 0x00, 0x02, 0x00, 0x00, 0x00, 0x08, 0x00, 0x00, 0x00, 0x09,
0x00, 0x00, 0x00, 0x07, 0x00, 0x00, 0x00, 0x00, 0x00, 0x00, 0x00, 0x00, 0x00, 0x00, 0x00, 0xB0,
0x00, 0x00, 0x00, 0x04, 0x00, 0x00, 0x00, 0x04, 0x00, 0x00, 0x00, 0x06, 0x00, 0x00, 0x00, 0x0C,
0x00, 0x00, 0x00, 0x01, 0x00, 0x00, 0x00, 0x00, 0x00, 0x00, 0x20, 0x13, 0x00, 0x00, 0x00, 0x01,
0x00, 0x00, 0x00, 0x06, 0x00, 0x00, 0x00, 0x10, 0x00, 0x00, 0x00, 0x06, 0x00, 0x00, 0x00, 0x05,
0x00, 0x00, 0x00, 0x00, 0x00, 0x00, 0x21, 0x03, 0x00, 0x00, 0x00, 0x0C, 0x00, 0x00, 0x00, 0x0D,
0x00, 0x00, 0x00, 0x10, 0x00, 0x00, 0x00, 0x0C, 0x00, 0x00, 0x00, 0x01, 0x00, 0x00, 0x00, 0x00,
0x00, 0x00, 0x4E, 0x25, 0x00, 0x00, 0x00, 0x0F, 0x00, 0x00, 0x00, 0x10, 0x00, 0x00, 0x00, 0x10,
0x00, 0x00, 0x00, 0x0D, 0x00, 0x00, 0x00, 0x00, 0x00, 0x00, 0x00, 0x00, 0x00, 0x00, 0x4E, 0x2D,
0x00, 0x00, 0x00, 0x0F, 0x00, 0x00, 0x00, 0x0D, 0x00, 0x00, 0x00, 0x10, 0x00, 0x00, 0x00, 0x0D,
0x00, 0x00, 0x00, 0x02, 0x00, 0x00, 0x00, 0x00, 0x00, 0x00, 0x4E, 0xAC, 0x00, 0x00, 0x00, 0x0F,
0x00, 0x00, 0x00, 0x0F, 0x00, 0x00, 0x00, 0x10, 0x00, 0x00, 0x00, 0x0D, 0x00, 0x00, 0x00, 0x01,
0x00, 0x00, 0x00, 0x00, 0x00, 0x00, 0x4F, 0x18, 0x00, 0x00, 0x00, 0x0F, 0x00, 0x00, 0x00, 0x10,
0x00, 0x00, 0x00, 0x10, 0x00, 0x00, 0x00, 0x0D, 0x00, 0x00, 0x00, 0x00, 0x00, 0x00, 0x00, 0x00,
0x00, 0x00, 0x52, 0x30, 0x00, 0x00, 0x00, 0x0F, 0x00, 0x00, 0x00, 0x0E, 0x00, 0x00, 0x00, 0x10,
0x00, 0x00, 0x00, 0x0D, 0x00, 0x00, 0x00, 0x01, 0x00, 0x00, 0x00, 0x00, 0x00, 0x00, 0x53, 0x17,
0x00, 0x00, 0x00, 0x0E, 0x00, 0x00, 0x00, 0x10, 0x00, 0x00, 0x00, 0x10, 0x00, 0x00, 0x00, 0x0D,
0x00, 0x00, 0x00, 0x00, 0x00, 0x00, 0x00, 0x00, 0x00, 0x00, 0x53, 0x8B, 0x00, 0x00, 0x00, 0x0E,
0x00, 0x00, 0x00, 0x10, 0x00, 0x00, 0x00, 0x10, 0x00, 0x00, 0x00, 0x0D, 0x00, 0x00, 0x00, 0x00,
0x00, 0x00, 0x00, 0x00, 0x00, 0x00, 0x5D, 0xEE, 0x00, 0x00, 0x00, 0x0F, 0x00, 0x00, 0x00, 0x10,
0x00, 0x00, 0x00, 0x10, 0x00, 0x00, 0x00, 0x0D, 0x00, 0x00, 0x00, 0x00, 0x00, 0x00, 0x00, 0x00,
0x00, 0x00, 0x5E, 0x38, 0x00, 0x00, 0x00, 0x0F, 0x00, 0x00, 0x00, 0x0F, 0x00, 0x00, 0x00, 0x10,
0x00, 0x00, 0x00, 0x0D, 0x00, 0x00, 0x00, 0x01, 0x00, 0x00, 0x00, 0x00, 0x00, 0x00, 0x5E, 0xA6,
0x00, 0x00, 0x00, 0x0F, 0x00, 0x00, 0x00, 0x10, 0x00, 0x00, 0x00, 0x10, 0x00, 0x00, 0x00, 0x0D,
0x00, 0x00, 0x00, 0x00, 0x00, 0x00, 0x00, 0x00, 0x00, 0x00, 0x62, 0xA5, 0x00, 0x00, 0x00, 0x0F,
0x00, 0x00, 0x00, 0x10, 0x00, 0x00, 0x00, 0x10, 0x00, 0x00, 0x00, 0x0D, 0x00, 0x00, 0x00, 0x00,
0x00, 0x00, 0x00, 0x00, 0x00, 0x00, 0x62, 0xD4, 0x00, 0x00, 0x00, 0x0F, 0x00, 0x00, 0x00, 0x10,
0x00, 0x00, 0x00, 0x10, 0x00, 0x00, 0x00, 0x0D, 0x00, 0x00, 0x00, 0x00, 0x00, 0x00, 0x00, 0x00,
0x00, 0x00, 0x63, 0xA5, 0x00, 0x00, 0x00, 0x0F, 0x00, 0x00, 0x00, 0x10, 0x00, 0x00, 0x00, 0x10,
0x00, 0x00, 0x00, 0x0D, 0x00, 0x00, 0x00, 0x00, 0x00, 0x00, 0x00, 0x00, 0x00, 0x00, 0x67, 0x2A,
0x00, 0x00, 0x00, 0x0F, 0x00, 0x00, 0x00, 0x10, 0x00, 0x00, 0x00, 0x10, 0x00, 0x00, 0x00, 0x0D,
0x00, 0x00, 0x00, 0x00, 0x00, 0x00, 0x00, 0x00, 0x00, 0x00, 0x67, 0xD3, 0x00, 0x00, 0x00, 0x0F,
0x00, 0x00, 0x00, 0x10, 0x00, 0x00, 0x00, 0x10, 0x00, 0x00, 0x00, 0x0D, 0x00, 0x00, 0x00, 0x00,
0x00, 0x00, 0x00, 0x00, 0x00, 0x00, 0x6B, 0x63, 0x00, 0x00, 0x00, 0x0E, 0x00, 0x00, 0x00, 0x0E,
0x00, 0x00, 0x00, 0x10, 0x00, 0x00, 0x00, 0x0D, 0x00, 0x00, 0x00, 0x01, 0x00, 0x00, 0x00, 0x00,
0x00, 0x00, 0x6C, 0x14, 0x00, 0x00, 0x00, 0x0F, 0x00, 0x00, 0x00, 0x0F, 0x00, 0x00, 0x00, 0x10,
0x00, 0x00, 0x00, 0x0D, 0x00, 0x00, 0x00, 0x00, 0x00, 0x00, 0x00, 0x00, 0x00, 0x00, 0x6C, 0x14,
0x00, 0x00, 0x00, 0x0F, 0x00, 0x00, 0x00, 0x0F, 0x00, 0x00, 0x00, 0x10, 0x00, 0x00, 0x00, 0x0D,
0x00, 0x00, 0x00, 0x00, 0x00, 0x00, 0x00, 0x00, 0x00, 0x00, 0x6C, 0x61, 0x00, 0x00, 0x00, 0x0E,
0x00, 0x00, 0x00, 0x10, 0x00, 0x00, 0x00, 0x10, 0x00, 0x00, 0x00, 0x0D, 0x00, 0x00, 0x00, 0x00,
0x00, 0x00, 0x00, 0x00, 0x00, 0x00, 0x6D, 0x77, 0x00, 0x00, 0x00, 0x0F, 0x00, 0x00, 0x00, 0x10,
0x00, 0x00, 0x00, 0x10, 0x00, 0x00, 0x00, 0x0D, 0x00, 0x00, 0x00, 0x00, 0x00, 0x00, 0x00, 0x00,
0x00, 0x00, 0x6E, 0x29, 0x00, 0x00, 0x00, 0x0F, 0x00, 0x00, 0x00, 0x10, 0x00, 0x00, 0x00, 0x10,
0x00, 0x00, 0x00, 0x0D, 0x00, 0x00, 0x00, 0x00, 0x00, 0x00, 0x00, 0x00, 0x00, 0x00, 0x6E, 0x7F,
0x00, 0x00, 0x00, 0x0F, 0x00, 0x00, 0x00, 0x10, 0x00, 0x00, 0x00, 0x10, 0x00, 0x00, 0x00, 0x0D,
0x00, 0x00, 0x00, 0x00, 0x00, 0x00, 0x00, 0x00, 0x00, 0x00, 0x70, 0xF7, 0x00, 0x00, 0x00, 0x0F,
0x00, 0x00, 0x00, 0x10, 0x00, 0x00, 0x00, 0x10, 0x00, 0x00, 0x00, 0x0D, 0x00, 0x00, 0x00, 0x00,
0x00, 0x00, 0x00, 0x00, 0x00, 0x00, 0x75, 0x32, 0x00, 0x00, 0x00, 0x0D, 0x00, 0x00, 0x00, 0x0C,
0x00, 0x00, 0x00, 0x10, 0x00, 0x00, 0x00, 0x0C, 0x00, 0x00, 0x00, 0x02, 0x00, 0x00, 0x00, 0x00,
0x00, 0x00, 0x7A, 0x7A, 0x00, 0x00, 0x00, 0x0F, 0x00, 0x00, 0x00, 0x0F, 0x00, 0x00, 0x00, 0x10,
0x00, 0x00, 0x00, 0x0D, 0x00, 0x00, 0x00, 0x01, 0x00, 0x00, 0x00, 0x00, 0x00, 0x00, 0x7E, 0xDC,
0x00, 0x00, 0x00, 0x0E, 0x00, 0x00, 0x00, 0x10, 0x00, 0x00, 0x00, 0x10, 0x00, 0x00, 0x00, 0x0D,
0x00, 0x00, 0x00, 0x00, 0x00, 0x00, 0x00, 0x00, 0x00, 0x00, 0x7F, 0x51, 0x00, 0x00, 0x00, 0x0E,
0x00, 0x00, 0x00, 0x0E, 0x00, 0x00, 0x00, 0x10, 0x00, 0x00, 0x00, 0x0D, 0x00, 0x00, 0x00, 0x01,
0x00, 0x00, 0x00, 0x00, 0x00, 0x00, 0x82, 0x6F, 0x00, 0x00, 0x00, 0x0E, 0x00, 0x00, 0x00, 0x0C,
0x00, 0x00, 0x00, 0x10, 0x00, 0x00, 0x00, 0x0D, 0x00, 0x00, 0x00, 0x03, 0x00, 0x00, 0x00, 0x00,
0x00, 0x00, 0x8B, 0x66, 0x00, 0x00, 0x00, 0x0F, 0x00, 0x00, 0x00, 0x10, 0x00, 0x00, 0x00, 0x10,
0x00, 0x00, 0x00, 0x0D, 0x00, 0x00, 0x00, 0x00, 0x00, 0x00, 0x00, 0x00, 0x00, 0x00, 0x8D, 0x28,
0x00, 0x00, 0x00, 0x0F, 0x00, 0x00, 0x00, 0x0F, 0x00, 0x00, 0x00, 0x10, 0x00, 0x00, 0x00, 0x0D,
0x00, 0x00, 0x00, 0x00, 0x00, 0x00, 0x00, 0x00, 0x00, 0x00, 0x8F, 0xDE, 0x00, 0x00, 0x00, 0x0E,
0x00, 0x00, 0x00, 0x10, 0x00, 0x00, 0x00, 0x10, 0x00, 0x00, 0x00, 0x0D, 0x00, 0x00, 0x00, 0x00,
0x00, 0x00, 0x00, 0x00, 0x00, 0x00, 0x91, 0xCD, 0x00, 0x00, 0x00, 0x0F, 0x00, 0x00, 0x00, 0x10,
0x00, 0x00, 0x00, 0x10, 0x00, 0x00, 0x00, 0x0D, 0x00, 0x00, 0x00, 0x00, 0x00, 0x00, 0x00, 0x00,
0x00, 0x00, 0x91, 0xCF, 0x00, 0x00, 0x00, 0x0F, 0x00, 0x00, 0x00, 0x10, 0x00, 0x00, 0x00, 0x10,
0x00, 0x00, 0x00, 0x0D, 0x00, 0x00, 0x00, 0x00, 0x00, 0x00, 0x00, 0x00, 0x00, 0x00, 0xFF, 0x0D,
0x00, 0x00, 0x00, 0x02, 0x00, 0x00, 0x00, 0x0C, 0x00, 0x00, 0x00, 0x10, 0x00, 0x00, 0x00, 0x07,
0x00, 0x00, 0x00, 0x02, 0x00, 0x00, 0x00, 0x00, 0xFF, 0xFF, 0xFF, 0xFF, 0xFF, 0xFF, 0xFF, 0xFF,
0xFF, 0xFF, 0x00, 0xFF, 0xFF, 0x00, 0x00, 0xFF, 0xFF, 0x00, 0x00, 0xFF, 0xDB, 0x00, 0x00, 0xDB,
0xA3, 0x00, 0x00, 0xA3, 0x00, 0x00, 0x15, 0xE9, 0x00, 0x00, 0x15, 0xE9, 0x00, 0x00, 0x00, 0x41,
0xBE, 0x00, 0x00, 0x41, 0xBE, 0x00, 0x00, 0x00, 0x6C, 0x93, 0x00, 0x00, 0x6C, 0x93, 0x00, 0x00,
0x00, 0x97, 0x69, 0x00, 0x00, 0x97, 0x69, 0x00, 0xFF, 0xFF, 0xFF, 0xFF, 0xFF, 0xFF, 0xFF, 0xFF,
0xFF, 0x00, 0x00, 0xEA, 0x16, 0x00, 0x00, 0xEA, 0x16, 0x00, 0x00, 0x14, 0xEB, 0x00, 0x00, 0x14,
0xEB, 0x00, 0x00, 0x00, 0x3F, 0xC1, 0x00, 0x00, 0x3F, 0xC1, 0x00, 0x00, 0xFF, 0xFF, 0xFF, 0xFF,
0xFF, 0xFF, 0xFF, 0xFF, 0xFF, 0x00, 0x96, 0x6A, 0x00, 0x00, 0x96, 0x6A, 0x00, 0x00, 0x00, 0xC0,
0x3F, 0x00, 0x00, 0xC0, 0x3F, 0x00, 0x00, 0x00, 0xEB, 0x15, 0x00, 0x00, 0xEB, 0x15, 0x00, 0x00,
0x00, 0x00, 0x00, 0xFF, 0x00, 0x00, 0x00, 0x00, 0x51, 0xFA, 0xFF, 0xE1, 0x7B, 0x01, 0x51, 0xF5,
0x51, 0xFF, 0x15, 0x8E, 0x71, 0xFA, 0x50, 0x00, 0xFF, 0x00, 0x1B, 0xDA, 0xFF, 0x00, 0x00, 0xFF,
0x00, 0x00, 0x00, 0xA9, 0x78, 0x04, 0xFF, 0x00, 0x00, 0x00, 0x04, 0xAA, 0xD0, 0xFF, 0x6F, 0x05,
0x00, 0x00, 0x04, 0x5E, 0xFF, 0xB9, 0xB5, 0x08, 0x00, 0x00, 0x00, 0xFF, 0x01, 0x70, 0xBD, 0x00,
0x00, 0x00, 0xFF, 0x00, 0x00, 0xFF, 0xE7, 0x27, 0x00, 0xFF, 0x00, 0x51, 0xFA, 0x68, 0xC2, 0x24,
0xFF, 0x50, 0xF3, 0x4D, 0x00, 0x5F, 0xDF, 0xFF, 0xF1, 0x48, 0x00, 0x00, 0x00, 0x00, 0xFF, 0x00,
0x00, 0x00, 0x51, 0xFA, 0xFF, 0xFA, 0x50, 0x00, 0x00, 0x23, 0xD6, 0x02, 0x00, 0x00, 0xFA, 0x50,
0x00, 0x52, 0xFA, 0x00, 0x00, 0x98, 0x64, 0x00, 0x00, 0x00, 0xFF, 0x00, 0x00, 0x00, 0xFF, 0x00,
0x17, 0xDD, 0x06, 0x00, 0x00, 0x00, 0xFF, 0x00, 0x00, 0x00, 0xFF, 0x00, 0x87, 0x74, 0x00, 0x00,
0x00, 0x00, 0xFA, 0x51, 0x00, 0x50, 0xFA, 0x0E, 0xDF, 0x0D, 0x00, 0x00, 0x00, 0x00, 0x52, 0xFA,
0xFF, 0xFA, 0x51, 0x77, 0x85, 0x00, 0x00, 0x00, 0x00, 0x00, 0x00, 0x00, 0x00, 0x00, 0x07, 0xDE,
0x16, 0x51, 0xFA, 0xFF, 0xFA, 0x50, 0x00, 0x00, 0x00, 0x00, 0x66, 0x96, 0x00, 0xFA, 0x50, 0x00,
0x52, 0xFA, 0x00, 0x00, 0x00, 0x02, 0xD7, 0x22, 0x00, 0xFF, 0x00, 0x00, 0x00, 0xFF, 0x00, 0x00,
0x00, 0x55, 0xA6, 0x00, 0x00, 0xFF, 0x00, 0x00, 0x00, 0xFF, 0x00, 0x00, 0x00, 0xCB, 0x30, 0x00,
0x00, 0xFA, 0x51, 0x00, 0x50, 0xFA, 0x00, 0x00, 0x44, 0xB7, 0x00, 0x00, 0x00, 0x52, 0xFA, 0xFF,
0xFA, 0x51, 0x51, 0xFA, 0xFF, 0xFA, 0x50, 0x00, 0x00, 0x23, 0xD6, 0x02, 0x00, 0x00, 0xFA, 0x50,
0x00, 0x52, 0xFA, 0x00, 0x00, 0x98, 0x64, 0x00, 0x00, 0x00, 0xFF, 0x00, 0x00, 0x00, 0xFF, 0x00,
0x17, 0xDD, 0x06, 0x00, 0x00, 0x00, 0xFF, 0x00, 0x00, 0x00, 0xFF, 0x00, 0x87, 0x74, 0x00, 0x00,
0x00, 0x00, 0xFA, 0x51, 0x00, 0x50, 0xFA, 0x0E, 0xDF, 0x0D, 0x00, 0x00, 0x00, 0x00, 0x52, 0xFA,
0xFF, 0xFA, 0x51, 0x77, 0x85, 0x00, 0x00, 0x00, 0x00, 0x00, 0x00, 0x00, 0x00, 0x00, 0x07, 0xDE,
0x16, 0x51, 0xFA, 0xFF, 0xFA, 0x50, 0x00, 0x00, 0x00, 0x00, 0x66, 0x96, 0x00, 0xFA, 0x50, 0x00,
0x52, 0xFA, 0x00, 0x00, 0x00, 0x02, 0xD7, 0x22, 0x00, 0xFF, 0x00, 0x00, 0x00, 0xFF, 0x00, 0x00,
0x00, 0x55, 0xA6, 0x00, 0x00, 0xFF, 0x00, 0x00, 0x00, 0xFF, 0x00, 0x00, 0x00, 0xCB, 0x30, 0x00,
0x00, 0xFA, 0x51, 0x00, 0x50, 0xFA, 0x00, 0x00, 0x44, 0xB7, 0x00, 0x00, 0x00, 0x52, 0xFA, 0xFF,
0xFA, 0x51, 0x00, 0x16, 0xB3, 0xF2, 0xBD, 0x19, 0x00, 0x00, 0x00, 0x00, 0x00, 0xAC, 0x80, 0x0D,
0x80, 0xAD, 0x00, 0x00, 0x00, 0x00, 0x00, 0xF2, 0x0B, 0x00, 0x0B, 0xF1, 0x00, 0x00, 0x00, 0x00,
0x00, 0xD7, 0x39, 0x00, 0x2D, 0xE1, 0x00, 0x00, 0x00, 0x00, 0x00, 0x50, 0xBF, 0x26, 0xD5, 0x64,
0x00, 0x00, 0x00, 0x00, 0x00, 0x12, 0xD6, 0xF8, 0x51, 0x00, 0x00, 0x00, 0x00, 0x00, 0x20, 0xDC,
0x65, 0x75, 0x7D, 0x00, 0x00, 0x00, 0x00, 0x00, 0xB2, 0x70, 0x00, 0x01, 0xB6, 0x34, 0x00, 0x3C,
0xA8, 0x00, 0xF3, 0x0F, 0x00, 0x00, 0x19, 0xC3, 0x0E, 0xC1, 0x3C, 0x00, 0xDA, 0x30, 0x00, 0x00,
0x00, 0x79, 0xE2, 0x5E, 0x00, 0x00, 0x62, 0xCD, 0x2A, 0x0D, 0x65, 0xF2, 0x9F, 0xDD, 0x63, 0x01,
0x00, 0x64, 0xD8, 0xFA, 0xDC, 0x6F, 0x00, 0x21, 0xB4, 0x32, 0xFF, 0xFF, 0xDE, 0xA7, 0x00, 0x3C,
0xC1, 0x00, 0xB4, 0x48, 0x1A, 0xE0, 0x01, 0x6C, 0x96, 0x00, 0xAC, 0x4F, 0x00, 0xDA, 0x25, 0x00,
0xF1, 0x0C, 0x00, 0xFB, 0x03, 0x00, 0xEE, 0x10, 0x00, 0xD8, 0x28, 0x00, 0xA7, 0x59, 0x00, 0x6C,
0x96, 0x00, 0x1A, 0xE5, 0x02, 0x00, 0xB8, 0x4C, 0x00, 0x3E, 0xC4, 0xC2, 0x3C, 0x00, 0x49, 0xB4,
0x00, 0x01, 0xDF, 0x1A, 0x00, 0x98, 0x6B, 0x00, 0x52, 0xAB, 0x00, 0x26, 0xD9, 0x00, 0x0C, 0xF0,
0x00, 0x03, 0xFB, 0x00, 0x11, 0xED, 0x00, 0x29, 0xD7, 0x00, 0x5A, 0xA3, 0x00, 0x96, 0x68, 0x02,
0xE5, 0x17, 0x4D, 0xB5, 0x00, 0xC4, 0x3D, 0x00, 0x00, 0x00, 0xEF, 0x00, 0x00, 0xB9, 0x93, 0xDB,
0x8D, 0xB8, 0x22, 0x8A, 0xFF, 0x87, 0x22, 0x08, 0xD3, 0x95, 0xD4, 0x09, 0x22, 0xAF, 0x02, 0xAE,
0x24, 0x00, 0x00, 0x00, 0xFF, 0x00, 0x00, 0x00, 0x00, 0x00, 0x00, 0xFF, 0x00, 0x00, 0x00, 0x00,
0x00, 0x00, 0xFF, 0x00, 0x00, 0x00, 0xFF, 0xFF, 0xFF, 0xFF, 0xFF, 0xFF, 0xFF, 0x00, 0x00, 0x00,
0xFF, 0x00, 0x00, 0x00, 0x00, 0x00, 0x00, 0xFF, 0x00, 0x00, 0x00, 0x00, 0x00, 0x00, 0xFF, 0x00,
0x00, 0x00, 0xFF, 0x80, 0x97, 0x67, 0xFF, 0xFF, 0xFF, 0xFF, 0xFF, 0xFF, 0x00, 0x00, 0x20, 0xDF,
0x00, 0x00, 0x61, 0x9F, 0x00, 0x00, 0xA1, 0x5F, 0x00, 0x00, 0xE0, 0x1F, 0x00, 0x20, 0xDF, 0x00,
0x00, 0x61, 0x9F, 0x00, 0x00, 0xA1, 0x5F, 0x00, 0x00, 0xE0, 0x1F, 0x00, 0x20, 0xDF, 0x00, 0x00,
0x61, 0x9F, 0x00, 0x00, 0xA1, 0x5F, 0x00, 0x00, 0xE0, 0x1F, 0x00, 0x00, 0x00, 0x5D, 0xDC, 0xF8,
0xD6, 0x66, 0x00, 0x20, 0xD8, 0x44, 0x0E, 0x46, 0xEB, 0x3F, 0x7E, 0x56, 0x00, 0x00, 0x00, 0x67,
0x91, 0xBE, 0x24, 0x00, 0x00, 0x00, 0x29, 0xC9, 0xE6, 0x0B, 0x00, 0x00, 0x00, 0x0E, 0xED, 0xF7,
0x02, 0x00, 0x00, 0x00, 0x04, 0xFA, 0xF9, 0x03, 0x00, 0x00, 0x00, 0x03, 0xF6, 0xE7, 0x0B, 0x00,
0x00, 0x00, 0x0D, 0xE5, 0xBB, 0x25, 0x00, 0x00, 0x00, 0x26, 0xBD, 0x73, 0x5C, 0x00, 0x00, 0x00,
0x5E, 0x7E, 0x14, 0xD0, 0x41, 0x0C, 0x42, 0xDC, 0x1F, 0x00, 0x52, 0xE1, 0xFB, 0xDC, 0x5A, 0x00,
0x00, 0x5D, 0xDC, 0xF8, 0xD6, 0x66, 0x00, 0x20, 0xD8, 0x44, 0x0E, 0x46, 0xEB, 0x3F, 0x7E, 0x56,
0x00, 0x00, 0x00, 0x67, 0x91, 0xBE, 0x24, 0x00, 0x00, 0x00, 0x29, 0xC9, 0xE6, 0x0B, 0x00, 0x00,
0x00, 0x0E, 0xED, 0xF7, 0x02, 0x00, 0x00, 0x00, 0x04, 0xFA, 0xF9, 0x03, 0x00, 0x00, 0x00, 0x03,
0xF6, 0xE7, 0x0B, 0x00, 0x00, 0x00, 0x0D, 0xE5, 0xBB, 0x25, 0x00, 0x00, 0x00, 0x26, 0xBD, 0x73,
0x5C, 0x00, 0x00, 0x00, 0x5E, 0x7E, 0x14, 0xD0, 0x41, 0x0C, 0x42, 0xDC, 0x1F, 0x00, 0x52, 0xE1,
0xFB, 0xDC, 0x5A, 0x00, 0x00, 0x00, 0x11, 0xE6, 0x00, 0x10, 0xB5, 0xFF, 0x48, 0xD3, 0x39, 0xFF,
0xF6, 0x46, 0x00, 0xFF, 0x26, 0x00, 0x00, 0xFF, 0x00, 0x00, 0x00, 0xFF, 0x00, 0x00, 0x00, 0xFF,
0x00, 0x00, 0x00, 0xFF, 0x00, 0x00, 0x00, 0xFF, 0x00, 0x00, 0x00, 0xFF, 0x00, 0x00, 0x00, 0xFF,
0x00, 0x00, 0x00, 0xFF, 0x00, 0x00, 0x11, 0xE6, 0x00, 0x10, 0xB5, 0xFF, 0x48, 0xD3, 0x39, 0xFF,
0xF6, 0x46, 0x00, 0xFF, 0x26, 0x00, 0x00, 0xFF, 0x00, 0x00, 0x00, 0xFF, 0x00, 0x00, 0x00, 0xFF,
0x00, 0x00, 0x00, 0xFF, 0x00, 0x00, 0x00, 0xFF, 0x00, 0x00, 0x00, 0xFF, 0x00, 0x00, 0x00, 0xFF,
0x00, 0x00, 0x00, 0xFF, 0x00, 0x3F, 0xC7, 0xF4, 0xD6, 0x68, 0x00, 0x37, 0xB5, 0x2D, 0x09, 0x39,
0xD8, 0x67, 0xC3, 0x1C, 0x00, 0x00, 0x00, 0x38, 0xD7, 0x00, 0x00, 0x00, 0x00, 0x00, 0x09, 0xF8,
0x00, 0x00, 0x00, 0x00, 0x00, 0x28, 0xD3, 0x00, 0x00, 0x00, 0x00, 0x00, 0x80, 0x68, 0x00, 0x00,
0x00, 0x00, 0x20, 0xAE, 0x02, 0x00, 0x00, 0x00, 0x07, 0xA9, 0x14, 0x00, 0x00, 0x00, 0x02, 0x95,
0x2F, 0x00, 0x00, 0x00, 0x16, 0xA5, 0x34, 0x00, 0x00, 0x00, 0x39, 0xCD, 0x28, 0x00, 0x00, 0x00,
0x00, 0xDD, 0xFF, 0xFF, 0xFF, 0xFF, 0xFF, 0xFF, 0x00, 0x3F, 0xC7, 0xF4, 0xD6, 0x68, 0x00, 0x37,
0xB5, 0x2D, 0x09, 0x39, 0xD8, 0x67, 0xC3, 0x1C, 0x00, 0x00, 0x00, 0x38, 0xD7, 0x00, 0x00, 0x00,
0x00, 0x00, 0x09, 0xF8, 0x00, 0x00, 0x00, 0x00, 0x00, 0x28, 0xD3, 0x00, 0x00, 0x00, 0x00, 0x00,
0x80, 0x68, 0x00, 0x00, 0x00, 0x00, 0x20, 0xAE, 0x02, 0x00, 0x00, 0x00, 0x07, 0xA9, 0x14, 0x00,
0x00, 0x00, 0x02, 0x95, 0x2F, 0x00, 0x00, 0x00, 0x16, 0xA5, 0x34, 0x00, 0x00, 0x00, 0x39, 0xCD,
0x28, 0x00, 0x00, 0x00, 0x00, 0xDD, 0xFF, 0xFF, 0xFF, 0xFF, 0xFF, 0xFF, 0x00, 0x5E, 0xD2, 0xEF,
0x95, 0x09, 0x00, 0x67, 0xBC, 0x1F, 0x10, 0x90, 0x93, 0x00, 0xD9, 0x25, 0x00, 0x00, 0x10, 0xED,
0x00, 0x00, 0x00, 0x00, 0x00, 0x1B, 0xEB, 0x00, 0x00, 0x00, 0x00, 0x1A, 0xB0, 0x76, 0x00, 0x00,
0x00, 0x98, 0xE2, 0xD0, 0x2C, 0x00, 0x00, 0x00, 0x00, 0x00, 0x15, 0xBA, 0x49, 0x00, 0x00, 0x00,
0x00, 0x00, 0x2B, 0xD6, 0x00, 0x00, 0x00, 0x00, 0x00, 0x09, 0xF7, 0xDE, 0x29, 0x00, 0x00, 0x00,
0x34, 0xCB, 0x72, 0xAD, 0x16, 0x03, 0x24, 0xBD, 0x4A, 0x01, 0x70, 0xDA, 0xF8, 0xD1, 0x4E, 0x00,
0x00, 0x5E, 0xD2, 0xEF, 0x95, 0x09, 0x00, 0x67, 0xBC, 0x1F, 0x10, 0x90, 0x93, 0x00, 0xD9, 0x25,
0x00, 0x00, 0x10, 0xED, 0x00, 0x00, 0x00, 0x00, 0x00, 0x1B, 0xEB, 0x00, 0x00, 0x00, 0x00, 0x1A,
0xB0, 0x76, 0x00, 0x00, 0x00, 0x98, 0xE2, 0xD0, 0x2C, 0x00, 0x00, 0x00, 0x00, 0x00, 0x15, 0xBA,
0x49, 0x00, 0x00, 0x00, 0x00, 0x00, 0x2B, 0xD6, 0x00, 0x00, 0x00, 0x00, 0x00, 0x09, 0xF7, 0xDE,
0x29, 0x00, 0x00, 0x00, 0x34, 0xCB, 0x72, 0xAD, 0x16, 0x03, 0x24, 0xBD, 0x4A, 0x01, 0x70, 0xDA,
0xF8, 0xD1, 0x4E, 0x00, 0x00, 0x00, 0x00, 0x00, 0x00, 0x60, 0xFF, 0x00, 0x00, 0x00, 0x00, 0x00,
0x2A, 0xC7, 0xFF, 0x00, 0x00, 0x00, 0x00, 0x0A, 0xC9, 0x27, 0xFF, 0x00, 0x00, 0x00, 0x00, 0xA0,
0x5B, 0x00, 0xFF, 0x00, 0x00, 0x00, 0x60, 0x9B, 0x00, 0x00, 0xFF, 0x00, 0x00, 0x2A, 0xC7, 0x09,
0x00, 0x00, 0xFF, 0x00, 0x0A, 0xC9, 0x27, 0x00, 0x00, 0x00, 0xFF, 0x00, 0xA0, 0x5B, 0x00, 0x00,
0x00, 0x00, 0xFF, 0x00, 0xFF, 0xFF, 0xFF, 0xFF, 0xFF, 0xFF, 0xFF, 0xFF, 0x00, 0x00, 0x00, 0x00,
0x00, 0x00, 0xFF, 0x00, 0x00, 0x00, 0x00, 0x00, 0x00, 0x00, 0xFF, 0x00, 0x00, 0x00, 0x00, 0x00,
0x00, 0x00, 0xFF, 0x00, 0x00, 0x00, 0x00, 0x00, 0x00, 0x60, 0xFF, 0x00, 0x00, 0x00, 0x00, 0x00,
0x2A, 0xC7, 0xFF, 0x00, 0x00, 0x00, 0x00, 0x0A, 0xC9, 0x27, 0xFF, 0x00, 0x00, 0x00, 0x00, 0xA0,
0x5B, 0x00, 0xFF, 0x00, 0x00, 0x00, 0x60, 0x9B, 0x00, 0x00, 0xFF, 0x00, 0x00, 0x2A, 0xC7, 0x09,
0x00, 0x00, 0xFF, 0x00, 0x0A, 0xC9, 0x27, 0x00, 0x00, 0x00, 0xFF, 0x00, 0xA0, 0x5B, 0x00, 0x00,
0x00, 0x00, 0xFF, 0x00, 0xFF, 0xFF, 0xFF, 0xFF, 0xFF, 0xFF, 0xFF, 0xFF, 0x00, 0x00, 0x00, 0x00,
0x00, 0x00, 0xFF, 0x00, 0x00, 0x00, 0x00, 0x00, 0x00, 0x00, 0xFF, 0x00, 0x00, 0x00, 0x00, 0x00,
0x00, 0x00, 0xFF, 0x00, 0x15, 0xFF, 0xFF, 0xFF, 0xFF, 0xFF, 0xFF, 0x40, 0xB9, 0x00, 0x00, 0x00,
0x00, 0x00, 0x6B, 0x84, 0x00, 0x00, 0x00, 0x00, 0x00, 0x96, 0x50, 0x00, 0x00, 0x00, 0x00, 0x00,
0xC0, 0xAC, 0xE3, 0xF8, 0xCB, 0x46, 0x00, 0xEB, 0x82, 0x11, 0x04, 0x1F, 0xA6, 0x45, 0x00, 0x00,
0x00, 0x00, 0x00, 0x2A, 0xC7, 0x00, 0x00, 0x00, 0x00, 0x00, 0x08, 0xF8, 0x00, 0x00, 0x00, 0x00,
0x00, 0x0C, 0xE7, 0xDB, 0x21, 0x00, 0x00, 0x00, 0x33, 0xAD, 0x68, 0xA8, 0x1A, 0x04, 0x20, 0xAC,
0x32, 0x00, 0x5F, 0xD5, 0xF7, 0xCE, 0x46, 0x00, 0x15, 0xFF, 0xFF, 0xFF, 0xFF, 0xFF, 0xFF, 0x40,
0xB9, 0x00, 0x00, 0x00, 0x00, 0x00, 0x6B, 0x84, 0x00, 0x00, 0x00, 0x00, 0x00, 0x96, 0x50, 0x00,
0x00, 0x00, 0x00, 0x00, 0xC0, 0xAC, 0xE3, 0xF8, 0xCB, 0x46, 0x00, 0xEB, 0x82, 0x11, 0x04, 0x1F,
0xA6, 0x45, 0x00, 0x00, 0x00, 0x00, 0x00, 0x2A, 0xC7, 0x00, 0x00, 0x00, 0x00, 0x00, 0x08, 0xF8,
0x00, 0x00, 0x00, 0x00, 0x00, 0x0C, 0xE7, 0xDB, 0x21, 0x00, 0x00, 0x00, 0x33, 0xAD, 0x68, 0xA8,
0x1A, 0x04, 0x20, 0xAC, 0x32, 0x00, 0x5F, 0xD5, 0xF7, 0xCE, 0x46, 0x00, 0x00, 0x1E, 0xB0, 0xF4,
0xDD, 0x64, 0x00, 0x09, 0xBA, 0x44, 0x0C, 0x25, 0xC3, 0x67, 0x6C, 0x51, 0x00, 0x00, 0x00, 0x29,
0xDA, 0xB8, 0x1C, 0x00, 0x00, 0x00, 0x00, 0x00, 0xE4, 0x2E, 0xBB, 0xF6, 0xDE, 0x5D, 0x00, 0xF7,
0xCA, 0x49, 0x09, 0x20, 0xB7, 0x44, 0xFD, 0x51, 0x00, 0x00, 0x00, 0x33, 0xC2, 0xF1, 0x0E, 0x00,
0x00, 0x00, 0x0A, 0xEF, 0xD0, 0x15, 0x00, 0x00, 0x00, 0x0E, 0xF0, 0x8E, 0x64, 0x00, 0x00, 0x00,
0x3B, 0xB9, 0x1F, 0xD6, 0x30, 0x05, 0x20, 0xBD, 0x44, 0x00, 0x33, 0xC4, 0xF8, 0xDB, 0x59, 0x00,
0x00, 0x1E, 0xB0, 0xF4, 0xDD, 0x64, 0x00, 0x09, 0xBA, 0x44, 0x0C, 0x25, 0xC3, 0x67, 0x6C, 0x51,
0x00, 0x00, 0x00, 0x29, 0xDA, 0xB8, 0x1C, 0x00, 0x00, 0x00, 0x00, 0x00, 0xE4, 0x2E, 0xBB, 0xF6,
0xDE, 0x5D, 0x00, 0xF7, 0xCA, 0x49, 0x09, 0x20, 0xB7, 0x44, 0xFD, 0x51, 0x00, 0x00, 0x00, 0x33,
0xC2, 0xF1, 0x0E, 0x00, 0x00, 0x00, 0x0A, 0xEF, 0xD0, 0x15, 0x00, 0x00, 0x00, 0x0E, 0xF0, 0x8E,
0x64, 0x00, 0x00, 0x00, 0x3B, 0xB9, 0x1F, 0xD6, 0x30, 0x05, 0x20, 0xBD, 0x44, 0x00, 0x33, 0xC4,
0xF8, 0xDB, 0x59, 0x00, 0xFF, 0xFF, 0xFF, 0xFF, 0xFF, 0xFD, 0x00, 0x00, 0x00, 0x00, 0x42, 0xA3,
0x00, 0x00, 0x00, 0x00, 0xC2, 0x27, 0x00, 0x00, 0x00, 0x2F, 0xC0, 0x00, 0x00, 0x00, 0x00, 0x91,
0x64, 0x00, 0x00, 0x00, 0x00, 0xE0, 0x18, 0x00, 0x00, 0x00, 0x2D, 0xCF, 0x00, 0x00, 0x00, 0x00,
0x69, 0x97, 0x00, 0x00, 0x00, 0x00, 0x9E, 0x62, 0x00, 0x00, 0x00, 0x00, 0xC6, 0x3A, 0x00, 0x00,
0x00, 0x00, 0xE6, 0x1C, 0x00, 0x00, 0x00, 0x00, 0xF8, 0x09, 0x00, 0x00, 0xFF, 0xFF, 0xFF, 0xFF,
0xFF, 0xFD, 0x00, 0x00, 0x00, 0x00, 0x42, 0xA3, 0x00, 0x00, 0x00, 0x00, 0xC2, 0x27, 0x00, 0x00,
0x00, 0x2F, 0xC0, 0x00, 0x00, 0x00, 0x00, 0x91, 0x64, 0x00, 0x00, 0x00, 0x00, 0xE0, 0x18, 0x00,
0x00, 0x00, 0x2D, 0xCF, 0x00, 0x00, 0x00, 0x00, 0x69, 0x97, 0x00, 0x00, 0x00, 0x00, 0x9E, 0x62,
0x00, 0x00, 0x00, 0x00, 0xC6, 0x3A, 0x00, 0x00, 0x00, 0x00, 0xE6, 0x1C, 0x00, 0x00, 0x00, 0x00,
0xF8, 0x09, 0x00, 0x00, 0x00, 0x4A, 0xD4, 0xF5, 0xD3, 0x4C, 0x00, 0x28, 0x94, 0x19, 0x03, 0x1A,
0x9C, 0x32, 0xB6, 0x13, 0x00, 0x00, 0x00, 0x17, 0xB9, 0xE4, 0x15, 0x00, 0x00, 0x00, 0x13, 0xE4,
0x4C, 0x8F, 0x17, 0x03, 0x16, 0x8A, 0x44, 0x00, 0x62, 0xFD, 0xFF, 0xFF, 0x5E, 0x00, 0x5F, 0xAF,
0x1D, 0x04, 0x21, 0xB5, 0x57, 0xDB, 0x27, 0x00, 0x00, 0x00, 0x2B, 0xD6, 0xF5, 0x04, 0x00, 0x00,
0x00, 0x07, 0xF5, 0xCF, 0x0D, 0x00, 0x00, 0x00, 0x25, 0xD0, 0x58, 0xA5, 0x2B, 0x05, 0x1C, 0xAC,
0x57, 0x00, 0x68, 0xDC, 0xFB, 0xDC, 0x66, 0x00, 0x00, 0x4A, 0xD4, 0xF5, 0xD3, 0x4C, 0x00, 0x28,
0x94, 0x19, 0x03, 0x1A, 0x9C, 0x32, 0xB6, 0x13, 0x00, 0x00, 0x00, 0x17, 0xB9, 0xE4, 0x15, 0x00,
0x00, 0x00, 0x13, 0xE4, 0x4C, 0x8F, 0x17, 0x03, 0x16, 0x8A, 0x44, 0x00, 0x62, 0xFD, 0xFF, 0xFF,
0x5E, 0x00, 0x5F, 0xAF, 0x1D, 0x04, 0x21, 0xB5, 0x57, 0xDB, 0x27, 0x00, 0x00, 0x00, 0x2B, 0xD6,
0xF5, 0x04, 0x00, 0x00, 0x00, 0x07, 0xF5, 0xCF, 0x0D, 0x00, 0x00, 0x00, 0x25, 0xD0, 0x58, 0xA5,
0x2B, 0x05, 0x1C, 0xAC, 0x57, 0x00, 0x68, 0xDC, 0xFB, 0xDC, 0x66, 0x00, 0x00, 0x5B, 0xDD, 0xF5,
0xBD, 0x2E, 0x00, 0x41, 0xCE, 0x2D, 0x05, 0x22, 0xAE, 0x1C, 0xBD, 0x48, 0x00, 0x00, 0x00, 0x3A,
0x91, 0xEB, 0x11, 0x00, 0x00, 0x00, 0x0D, 0xD5, 0xEF, 0x09, 0x00, 0x00, 0x00, 0x11, 0xF2, 0xC3,
0x34, 0x00, 0x00, 0x00, 0x51, 0xFD, 0x49, 0xBB, 0x22, 0x07, 0x41, 0xCB, 0xF8, 0x00, 0x61, 0xDE,
0xF7, 0xBD, 0x42, 0xEF, 0x00, 0x00, 0x00, 0x00, 0x00, 0x3F, 0xD5, 0xAF, 0x27, 0x00, 0x00, 0x00,
0x77, 0xA2, 0x1C, 0xAE, 0x1C, 0x0B, 0x4C, 0xD8, 0x31, 0x00, 0x57, 0xE5, 0xF0, 0xB4, 0x33, 0x00,
0x00, 0x5B, 0xDD, 0xF5, 0xBD, 0x2E, 0x00, 0x41, 0xCE, 0x2D, 0x05, 0x22, 0xAE, 0x1C, 0xBD, 0x48,
0x00, 0x00, 0x00, 0x3A, 0x91, 0xEB, 0x11, 0x00, 0x00, 0x00, 0x0D, 0xD5, 0xEF, 0x09, 0x00, 0x00,
0x00, 0x11, 0xF2, 0xC3, 0x34, 0x00, 0x00, 0x00, 0x51, 0xFD, 0x49, 0xBB, 0x22, 0x07, 0x41, 0xCB,
0xF8, 0x00, 0x61, 0xDE, 0xF7, 0xBD, 0x42, 0xEF, 0x00, 0x00, 0x00, 0x00, 0x00, 0x3F, 0xD5, 0xAF,
0x27, 0x00, 0x00, 0x00, 0x77, 0xA2, 0x1C, 0xAE, 0x1C, 0x0B, 0x4C, 0xD8, 0x31, 0x00, 0x57, 0xE5,
0xF0, 0xB4, 0x33, 0x00, 0xFF, 0x00, 0x00, 0x00, 0x00, 0x00, 0x00, 0x00, 0xFF, 0xFF, 0x00, 0x00,
0x00, 0x00, 0x00, 0x00, 0x00, 0xFF, 0xFF, 0x00, 0x00, 0x00, 0x00, 0x00, 0x00, 0x00, 0xFF, 0x80,
0x97, 0x67, 0x00, 0x00, 0x00, 0x00, 0x06, 0x5B, 0xC8, 0x00, 0x00, 0x18, 0x7F, 0xDE, 0xA0, 0x35,
0x36, 0xA4, 0xD7, 0x76, 0x13, 0x00, 0x00, 0xFF, 0x95, 0x04, 0x00, 0x00, 0x00, 0x00, 0x37, 0xA5,
0xD7, 0x74, 0x12, 0x00, 0x00, 0x00, 0x00, 0x18, 0x80, 0xDF, 0x9F, 0x35, 0x00, 0x00, 0x00, 0x00,
0x06, 0x5C, 0xC9, 0xFF, 0xFF, 0xFF, 0xFF, 0xFF, 0xFF, 0xFF, 0x00, 0x00, 0x00, 0x00, 0x00, 0x00,
0x00, 0x00, 0x00, 0x00, 0x00, 0x00, 0x00, 0x00, 0x00, 0x00, 0x00, 0x00, 0x00, 0x00, 0x00, 0xFF,
0xFF, 0xFF, 0xFF, 0xFF, 0xFF, 0xFF, 0xC9, 0x5B, 0x05, 0x00, 0x00, 0x00, 0x00, 0x35, 0xA0, 0xDE,
0x7F, 0x18, 0x00, 0x00, 0x00, 0x00, 0x13, 0x76, 0xD7, 0xA4, 0x36, 0x00, 0x00, 0x00, 0x00, 0x04,
0x95, 0xFF, 0x00, 0x00, 0x12, 0x74, 0xD7, 0xA5, 0x36, 0x35, 0x9F, 0xDF, 0x80, 0x18, 0x00, 0x00,
0xC9, 0x5C, 0x06, 0x00, 0x00, 0x00, 0x00, 0x00, 0x50, 0xD5, 0xF9, 0xDB, 0x64, 0x00, 0x30, 0xED,
0x50, 0x0D, 0x43, 0xE4, 0x54, 0xAA, 0x6F, 0x00, 0x00, 0x00, 0x49, 0xCE, 0xE5, 0x1E, 0x00, 0x00,
0x00, 0x0D, 0xF6, 0x00, 0x00, 0x00, 0x00, 0x00, 0x3B, 0xDB, 0x00, 0x00, 0x00, 0x00, 0x13, 0xD1,
0x5B, 0x00, 0x00, 0x00, 0x0C, 0xBE, 0x2F, 0x00, 0x00, 0x00, 0x00, 0x89, 0x7A, 0x00, 0x00, 0x00,
0x00, 0x00, 0xE4, 0x29, 0x00, 0x00, 0x00, 0x00, 0x00, 0xFD, 0x05, 0x00, 0x00, 0x00, 0x00, 0x00,
0x00, 0x00, 0x00, 0x00, 0x00, 0x00, 0x00, 0xFF, 0x00, 0x00, 0x00, 0x00, 0x00, 0x00, 0x01, 0x4E,
0xA8, 0xDE, 0xF7, 0xF3, 0xD8, 0x9B, 0x3B, 0x00, 0x00, 0x00, 0x00, 0x00, 0x11, 0xBD, 0xD9, 0x75,
0x2D, 0x0E, 0x0B, 0x23, 0x5F, 0xC4, 0x9B, 0x09, 0x00, 0x00, 0x13, 0xD8, 0x8C, 0x05, 0x00, 0x00,
0x00, 0x00, 0x00, 0x00, 0x01, 0x83, 0xA4, 0x00, 0x00, 0xA2, 0x8C, 0x00, 0x00, 0x49, 0xC6, 0xF5,
0xD0, 0x45, 0xDB, 0x00, 0x01, 0xC4, 0x50, 0x37, 0xD9, 0x05, 0x00, 0x6C, 0xD8, 0x41, 0x09, 0x37,
0xCF, 0xB9, 0x00, 0x00, 0x57, 0xB7, 0x95, 0x73, 0x00, 0x2D, 0xE5, 0x19, 0x00, 0x00, 0x00, 0x39,
0xA7, 0x00, 0x00, 0x1B, 0xE8, 0xD6, 0x2B, 0x00, 0xA1, 0x74, 0x00, 0x00, 0x00, 0x00, 0x09, 0x84,
0x00, 0x00, 0x08, 0xF8, 0xF2, 0x0B, 0x00, 0xE5, 0x21, 0x00, 0x00, 0x00, 0x00, 0x22, 0x61, 0x00,
0x00, 0x25, 0xDB, 0xF3, 0x06, 0x00, 0xF7, 0x08, 0x00, 0x00, 0x00, 0x00, 0x78, 0x3D, 0x00, 0x00,
0x7C, 0x90, 0xD4, 0x1D, 0x00, 0xCC, 0x37, 0x00, 0x00, 0x00, 0x26, 0xF0, 0x1B, 0x00, 0x2C, 0xE7,
0x1D, 0x8D, 0x54, 0x00, 0x59, 0xD2, 0x2F, 0x0C, 0x5A, 0xD1, 0xFD, 0x20, 0x56, 0xEB, 0x53, 0x00,
0x26, 0xC5, 0x0A, 0x00, 0x68, 0xDF, 0xF5, 0xAE, 0x19, 0xA0, 0xF6, 0xCB, 0x44, 0x00, 0x00, 0x00,
0x6F, 0xCA, 0x2A, 0x00, 0x00, 0x00, 0x00, 0x00, 0x00, 0x00, 0x00, 0x00, 0x6D, 0x98, 0x00, 0x00,
0x63, 0xF0, 0xAC, 0x5D, 0x25, 0x0E, 0x06, 0x18, 0x38, 0x75, 0xC3, 0x7B, 0x01, 0x00, 0x00, 0x00,
0x13, 0x72, 0xB8, 0xE5, 0xF8, 0xF8, 0xE8, 0xBE, 0x7B, 0x1A, 0x00, 0x00, 0x00, 0x00, 0x00, 0x00,
0x53, 0xFF, 0x51, 0x00, 0x00, 0x00, 0x00, 0x00, 0x00, 0x00, 0x00, 0xA7, 0xAF, 0xA6, 0x00, 0x00,
0x00, 0x00, 0x00, 0x00, 0x00, 0x08, 0xEB, 0x1B, 0xEB, 0x07, 0x00, 0x00, 0x00, 0x00, 0x00, 0x00,
0x50, 0xB3, 0x00, 0xB6, 0x4E, 0x00, 0x00, 0x00, 0x00, 0x00, 0x00, 0xA4, 0x61, 0x00, 0x65, 0xA3,
0x00, 0x00, 0x00, 0x00, 0x00, 0x07, 0xED, 0x14, 0x00, 0x15, 0xED, 0x06, 0x00, 0x00, 0x00, 0x00,
0x4D, 0xC0, 0x00, 0x00, 0x00, 0xC1, 0x4B, 0x00, 0x00, 0x00, 0x00, 0xA1, 0xFF, 0xFF, 0xFF, 0xFF,
0xFF, 0xA0, 0x00, 0x00, 0x00, 0x05, 0xEA, 0x17, 0x00, 0x00, 0x00, 0x18, 0xEB, 0x05, 0x00, 0x00,
0x4A, 0xB1, 0x00, 0x00, 0x00, 0x00, 0x00, 0xB5, 0x48, 0x00, 0x00, 0x9E, 0x50, 0x00, 0x00, 0x00,
0x00, 0x00, 0x55, 0x9D, 0x00, 0x04, 0xD8, 0x05, 0x00, 0x00, 0x00, 0x00, 0x00, 0x07, 0xDA, 0x04,
0x00, 0x00, 0x00, 0x00, 0x53, 0xFF, 0x51, 0x00, 0x00, 0x00, 0x00, 0x00, 0x00, 0x00, 0x00, 0xA7,
0xAF, 0xA6, 0x00, 0x00, 0x00, 0x00, 0x00, 0x00, 0x00, 0x08, 0xEB, 0x1B, 0xEB, 0x07, 0x00, 0x00,
0x00, 0x00, 0x00, 0x00, 0x50, 0xB3, 0x00, 0xB6, 0x4E, 0x00, 0x00, 0x00, 0x00, 0x00, 0x00, 0xA4,
0x61, 0x00, 0x65, 0xA3, 0x00, 0x00, 0x00, 0x00, 0x00, 0x07, 0xED, 0x14, 0x00, 0x15, 0xED, 0x06,
0x00, 0x00, 0x00, 0x00, 0x4D, 0xC0, 0x00, 0x00, 0x00, 0xC1, 0x4B, 0x00, 0x00, 0x00, 0x00, 0xA1,
0xFF, 0xFF, 0xFF, 0xFF, 0xFF, 0xA0, 0x00, 0x00, 0x00, 0x05, 0xEA, 0x17, 0x00, 0x00, 0x00, 0x18,
0xEB, 0x05, 0x00, 0x00, 0x4A, 0xB1, 0x00, 0x00, 0x00, 0x00, 0x00, 0xB5, 0x48, 0x00, 0x00, 0x9E,
0x50, 0x00, 0x00, 0x00, 0x00, 0x00, 0x55, 0x9D, 0x00, 0x04, 0xD8, 0x05, 0x00, 0x00, 0x00, 0x00,
0x00, 0x07, 0xDA, 0x04, 0xFF, 0xFF, 0xFF, 0xFF, 0xFF, 0xF4, 0xD1, 0x71, 0x00, 0xFF, 0x00, 0x00,
0x00, 0x03, 0x0E, 0x35, 0xBE, 0x61, 0xFF, 0x00, 0x00, 0x00, 0x00, 0x00, 0x00, 0x1D, 0xDC, 0xFF,
0x00, 0x00, 0x00, 0x00, 0x00, 0x00, 0x19, 0xDE, 0xFF, 0x00, 0x00, 0x00, 0x01, 0x0B, 0x37, 0xB8,
0x53, 0xFF, 0xFF, 0xFF, 0xFF, 0xFF, 0xFF, 0xFE, 0x9D, 0x15, 0xFF, 0x00, 0x00, 0x00, 0x00, 0x0A,
0x2A, 0x9D, 0x6F, 0xFF, 0x00, 0x00, 0x00, 0x00, 0x00, 0x00, 0x17, 0xB4, 0xFF, 0x00, 0x00, 0x00,
0x00, 0x00, 0x00, 0x06, 0xF5, 0xFF, 0x00, 0x00, 0x00, 0x00, 0x00, 0x00, 0x39, 0xC5, 0xFF, 0x00,
0x00, 0x00, 0x00, 0x08, 0x49, 0xE0, 0x4A, 0xFF, 0xFF, 0xFF, 0xFF, 0xFE, 0xF0, 0xBF, 0x4C, 0x00,
0xFF, 0xFF, 0xFF, 0xFF, 0xFF, 0xF4, 0xD1, 0x71, 0x00, 0xFF, 0x00, 0x00, 0x00, 0x03, 0x0E, 0x35,
0xBE, 0x61, 0xFF, 0x00, 0x00, 0x00, 0x00, 0x00, 0x00, 0x1D, 0xDC, 0xFF, 0x00, 0x00, 0x00, 0x00,
0x00, 0x00, 0x19, 0xDE, 0xFF, 0x00, 0x00, 0x00, 0x01, 0x0B, 0x37, 0xB8, 0x53, 0xFF, 0xFF, 0xFF,
0xFF, 0xFF, 0xFF, 0xFE, 0x9D, 0x15, 0xFF, 0x00, 0x00, 0x00, 0x00, 0x0A, 0x2A, 0x9D, 0x6F, 0xFF,
0x00, 0x00, 0x00, 0x00, 0x00, 0x00, 0x17, 0xB4, 0xFF, 0x00, 0x00, 0x00, 0x00, 0x00, 0x00, 0x06,
0xF5, 0xFF, 0x00, 0x00, 0x00, 0x00, 0x00, 0x00, 0x39, 0xC5, 0xFF, 0x00, 0x00, 0x00, 0x00, 0x08,
0x49, 0xE0, 0x4A, 0xFF, 0xFF, 0xFF, 0xFF, 0xFE, 0xF0, 0xBF, 0x4C, 0x00, 0x00, 0x00, 0x30, 0xA2,
0xE2, 0xF7, 0xDB, 0x8F, 0x18, 0x00, 0x00, 0x5D, 0xE0, 0x69, 0x1D, 0x05, 0x15, 0x65, 0xDA, 0x1E,
0x28, 0xE4, 0x21, 0x00, 0x00, 0x00, 0x00, 0x00, 0x81, 0xA8, 0x94, 0x78, 0x00, 0x00, 0x00, 0x00,
0x00, 0x00, 0x13, 0x61, 0xDA, 0x2A, 0x00, 0x00, 0x00, 0x00, 0x00, 0x00, 0x00, 0x00, 0xF5, 0x09,
0x00, 0x00, 0x00, 0x00, 0x00, 0x00, 0x00, 0x00, 0xF2, 0x0B, 0x00, 0x00, 0x00, 0x00, 0x00, 0x00,
0x00, 0x00, 0xD4, 0x2B, 0x00, 0x00, 0x00, 0x00, 0x00, 0x00, 0x00, 0x00, 0x90, 0x75, 0x00, 0x00,
0x00, 0x00, 0x00, 0x00, 0x01, 0x55, 0x27, 0xE5, 0x19, 0x00, 0x00, 0x00, 0x00, 0x00, 0x62, 0x7D,
0x00, 0x6E, 0xE1, 0x5D, 0x16, 0x09, 0x29, 0x85, 0xBC, 0x07, 0x00, 0x00, 0x47, 0xB8, 0xE8, 0xF6,
0xD3, 0x78, 0x09, 0x00, 0x00, 0x00, 0x30, 0xA2, 0xE2, 0xF7, 0xDB, 0x8F, 0x18, 0x00, 0x00, 0x5D,
0xE0, 0x69, 0x1D, 0x05, 0x15, 0x65, 0xDA, 0x1E, 0x28, 0xE4, 0x21, 0x00, 0x00, 0x00, 0x00, 0x00,
0x81, 0xA8, 0x94, 0x78, 0x00, 0x00, 0x00, 0x00, 0x00, 0x00, 0x13, 0x61, 0xDA, 0x2A, 0x00, 0x00,
0x00, 0x00, 0x00, 0x00, 0x00, 0x00, 0xF5, 0x09, 0x00, 0x00, 0x00, 0x00, 0x00, 0x00, 0x00, 0x00,
0xF2, 0x0B, 0x00, 0x00, 0x00, 0x00, 0x00, 0x00, 0x00, 0x00, 0xD4, 0x2B, 0x00, 0x00, 0x00, 0x00,
0x00, 0x00, 0x00, 0x00, 0x90, 0x75, 0x00, 0x00, 0x00, 0x00, 0x00, 0x00, 0x01, 0x55, 0x27, 0xE5,
0x19, 0x00, 0x00, 0x00, 0x00, 0x00, 0x62, 0x7D, 0x00, 0x6E, 0xE1, 0x5D, 0x16, 0x09, 0x29, 0x85,
0xBC, 0x07, 0x00, 0x00, 0x47, 0xB8, 0xE8, 0xF6, 0xD3, 0x78, 0x09, 0x00, 0xFF, 0xFF, 0xFF, 0xFF,
0xFF, 0xFF, 0xFA, 0x50, 0x00, 0x00, 0xFF, 0x00, 0x00, 0x00, 0x00, 0x00, 0x52, 0xF5, 0x50, 0x00,
0xFF, 0x00, 0x00, 0x00, 0x00, 0x00, 0x00, 0x52, 0xF5, 0x50, 0xFF, 0x00, 0x00, 0x00, 0x00, 0x00,
0x00, 0x00, 0x52, 0xFA, 0xFF, 0x00, 0x00, 0x00, 0x00, 0x00, 0x00, 0x00, 0x00, 0xFF, 0xFF, 0x00,
0x00, 0x00, 0x00, 0x00, 0x00, 0x00, 0x00, 0xFF, 0xFF, 0x00, 0x00, 0x00, 0x00, 0x00, 0x00, 0x00,
0x00, 0xFF, 0xFF, 0x00, 0x00, 0x00, 0x00, 0x00, 0x00, 0x00, 0x00, 0xFF, 0xFF, 0x00, 0x00, 0x00,
0x00, 0x00, 0x00, 0x00, 0x51, 0xFA, 0xFF, 0x00, 0x00, 0x00, 0x00, 0x00, 0x00, 0x51, 0xF5, 0x51,
0xFF, 0x00, 0x00, 0x00, 0x00, 0x00, 0x50, 0xF5, 0x51, 0x00, 0xFF, 0xFF, 0xFF, 0xFF, 0xFF, 0xFF,
0xFA, 0x51, 0x00, 0x00, 0xFF, 0xFF, 0xFF, 0xFF, 0xFF, 0xFF, 0xFF, 0xFF, 0xFF, 0xFF, 0x00, 0x00,
0x00, 0x00, 0x00, 0x00, 0x00, 0x00, 0xFF, 0x00, 0x00, 0x00, 0x00, 0x00, 0x00, 0x00, 0x00, 0xFF,
0x00, 0x00, 0x00, 0x00, 0x00, 0x00, 0x00, 0x00, 0xFF, 0x00, 0x00, 0x00, 0x00, 0x00, 0x00, 0x00,
0x00, 0xFF, 0xFF, 0xFF, 0xFF, 0xFF, 0xFF, 0xFF, 0xFF, 0x00, 0xFF, 0x00, 0x00, 0x00, 0x00, 0x00,
0x00, 0x00, 0x00, 0xFF, 0x00, 0x00, 0x00, 0x00, 0x00, 0x00, 0x00, 0x00, 0xFF, 0x00, 0x00, 0x00,
0x00, 0x00, 0x00, 0x00, 0x00, 0xFF, 0x00, 0x00, 0x00, 0x00, 0x00, 0x00, 0x00, 0x00, 0xFF, 0x00,
0x00, 0x00, 0x00, 0x00, 0x00, 0x00, 0x00, 0xFF, 0xFF, 0xFF, 0xFF, 0xFF, 0xFF, 0xFF, 0xFF, 0xFF,
0xFF, 0xFF, 0xFF, 0xFF, 0xFF, 0xFF, 0xFF, 0xFF, 0xFF, 0x00, 0x00, 0x00, 0x00, 0x00, 0x00, 0x00,
0xFF, 0x00, 0x00, 0x00, 0x00, 0x00, 0x00, 0x00, 0xFF, 0x00, 0x00, 0x00, 0x00, 0x00, 0x00, 0x00,
0xFF, 0x00, 0x00, 0x00, 0x00, 0x00, 0x00, 0x00, 0xFF, 0x00, 0x00, 0x00, 0x00, 0x00, 0x00, 0x00,
0xFF, 0xFF, 0xFF, 0xFF, 0xFF, 0xFF, 0xFF, 0x00, 0xFF, 0x00, 0x00, 0x00, 0x00, 0x00, 0x00, 0x00,
0xFF, 0x00, 0x00, 0x00, 0x00, 0x00, 0x00, 0x00, 0xFF, 0x00, 0x00, 0x00, 0x00, 0x00, 0x00, 0x00,
0xFF, 0x00, 0x00, 0x00, 0x00, 0x00, 0x00, 0x00, 0xFF, 0x00, 0x00, 0x00, 0x00, 0x00, 0x00, 0x00,
0x00, 0x00, 0x51, 0xFA, 0xFF, 0xFF, 0xF6, 0x42, 0x00, 0x00, 0x00, 0x51, 0xF5, 0x51, 0x00, 0x00,
0x5F, 0xF3, 0x40, 0x00, 0x51, 0xF5, 0x51, 0x00, 0x00, 0x00, 0x00, 0x5F, 0xF2, 0x3D, 0xFA, 0x50,
0x00, 0x00, 0x00, 0x00, 0x00, 0x00, 0x5C, 0x6D, 0xFF, 0x00, 0x00, 0x00, 0x00, 0x00, 0x00, 0x00,
0x00, 0x00, 0xFF, 0x00, 0x00, 0x00, 0x00, 0x00, 0x00, 0x00, 0x00, 0x00, 0xFF, 0x00, 0x00, 0x00,
0x00, 0xFF, 0xFF, 0xFF, 0xFF, 0xFF, 0xFF, 0x00, 0x00, 0x00, 0x00, 0x00, 0x00, 0x00, 0x00, 0xFF,
0xFA, 0x50, 0x00, 0x00, 0x00, 0x00, 0x00, 0x00, 0x51, 0xFA, 0x52, 0xF5, 0x50, 0x00, 0x00, 0x00,
0x00, 0x51, 0xF5, 0x51, 0x00, 0x52, 0xF5, 0x50, 0x00, 0x00, 0x50, 0xF5, 0x51, 0x00, 0x00, 0x00,
0x52, 0xFA, 0xFF, 0xFF, 0xFA, 0x51, 0x00, 0x00, 0xFF, 0x00, 0x00, 0x00, 0x00, 0x00, 0x00, 0x00,
0xFF, 0xFF, 0x00, 0x00, 0x00, 0x00, 0x00, 0x00, 0x00, 0xFF, 0xFF, 0x00, 0x00, 0x00, 0x00, 0x00,
0x00, 0x00, 0xFF, 0xFF, 0x00, 0x00, 0x00, 0x00, 0x00, 0x00, 0x00, 0xFF, 0xFF, 0x00, 0x00, 0x00,
0x00, 0x00, 0x00, 0x00, 0xFF, 0xFF, 0xFF, 0xFF, 0xFF, 0xFF, 0xFF, 0xFF, 0xFF, 0xFF, 0xFF, 0x00,
0x00, 0x00, 0x00, 0x00, 0x00, 0x00, 0xFF, 0xFF, 0x00, 0x00, 0x00, 0x00, 0x00, 0x00, 0x00, 0xFF,
0xFF, 0x00, 0x00, 0x00, 0x00, 0x00, 0x00, 0x00, 0xFF, 0xFF, 0x00, 0x00, 0x00, 0x00, 0x00, 0x00,
0x00, 0xFF, 0xFF, 0x00, 0x00, 0x00, 0x00, 0x00, 0x00, 0x00, 0xFF, 0xFF, 0x00, 0x00, 0x00, 0x00,
0x00, 0x00, 0x00, 0xFF, 0xFF, 0xFF, 0xFF, 0xFF, 0xFF, 0xFF, 0xFF, 0xFF, 0xFF, 0xFF, 0xFF, 0xFF,
0xFF, 0xFF, 0xFF, 0xFF, 0xFF, 0xFF, 0xFF, 0xFF, 0xFF, 0xFF, 0xFF, 0xFF, 0x00, 0x00, 0x00, 0x00,
0x00, 0xFF, 0x00, 0x00, 0x00, 0x00, 0x00, 0xFF, 0x00, 0x00, 0x00, 0x00, 0x00, 0xFF, 0x00, 0x00,
0x00, 0x00, 0x00, 0xFF, 0x00, 0x00, 0x00, 0x00, 0x00, 0xFF, 0x00, 0x00, 0x00, 0x00, 0x00, 0xFF,
0x00, 0x00, 0x00, 0x00, 0x00, 0xFF, 0x00, 0x00, 0x00, 0x00, 0x00, 0xFF, 0xDD, 0x07, 0x00, 0x00,
0x02, 0xF8, 0xDD, 0x23, 0x00, 0x00, 0x14, 0xDE, 0x87, 0x94, 0x11, 0x0A, 0x6F, 0x8D, 0x0A, 0x9A,
0xEA, 0xEE, 0x98, 0x09, 0xFF, 0x00, 0x00, 0x00, 0x00, 0x00, 0x00, 0x6C, 0x7E, 0xFF, 0x00, 0x00,
0x00, 0x00, 0x00, 0x6C, 0x7E, 0x00, 0xFF, 0x00, 0x00, 0x00, 0x00, 0x6C, 0x7E, 0x00, 0x00, 0xFF,
0x00, 0x00, 0x00, 0x6C, 0x7E, 0x00, 0x00, 0x00, 0xFF, 0x00, 0x00, 0x6C, 0x93, 0x00, 0x00, 0x00,
0x00, 0xFF, 0x00, 0x6C, 0x9C, 0xCB, 0x04, 0x00, 0x00, 0x00, 0xFF, 0x6C, 0x7E, 0x00, 0x86, 0x79,
0x00, 0x00, 0x00, 0xFF, 0x7E, 0x00, 0x00, 0x08, 0xD0, 0x25, 0x00, 0x00, 0xFF, 0x00, 0x00, 0x00,
0x00, 0x3E, 0xBE, 0x01, 0x00, 0xFF, 0x00, 0x00, 0x00, 0x00, 0x00, 0x98, 0x65, 0x00, 0xFF, 0x00,
0x00, 0x00, 0x00, 0x00, 0x0E, 0xD4, 0x19, 0xFF, 0x00, 0x00, 0x00, 0x00, 0x00, 0x00, 0x4E, 0xAD,
0xFF, 0x00, 0x00, 0x00, 0x00, 0x00, 0x00, 0x6C, 0x7E, 0xFF, 0x00, 0x00, 0x00, 0x00, 0x00, 0x6C,
0x7E, 0x00, 0xFF, 0x00, 0x00, 0x00, 0x00, 0x6C, 0x7E, 0x00, 0x00, 0xFF, 0x00, 0x00, 0x00, 0x6C,
0x7E, 0x00, 0x00, 0x00, 0xFF, 0x00, 0x00, 0x6C, 0x93, 0x00, 0x00, 0x00, 0x00, 0xFF, 0x00, 0x6C,
0x9C, 0xCB, 0x04, 0x00, 0x00, 0x00, 0xFF, 0x6C, 0x7E, 0x00, 0x86, 0x79, 0x00, 0x00, 0x00, 0xFF,
0x7E, 0x00, 0x00, 0x08, 0xD0, 0x25, 0x00, 0x00, 0xFF, 0x00, 0x00, 0x00, 0x00, 0x3E, 0xBE, 0x01,
0x00, 0xFF, 0x00, 0x00, 0x00, 0x00, 0x00, 0x98, 0x65, 0x00, 0xFF, 0x00, 0x00, 0x00, 0x00, 0x00,
0x0E, 0xD4, 0x19, 0xFF, 0x00, 0x00, 0x00, 0x00, 0x00, 0x00, 0x4E, 0xAD, 0xFF, 0x00, 0x00, 0x00,
0x00, 0x00, 0x00, 0xFF, 0x00, 0x00, 0x00, 0x00, 0x00, 0x00, 0xFF, 0x00, 0x00, 0x00, 0x00, 0x00,
0x00, 0xFF, 0x00, 0x00, 0x00, 0x00, 0x00, 0x00, 0xFF, 0x00, 0x00, 0x00, 0x00, 0x00, 0x00, 0xFF,
0x00, 0x00, 0x00, 0x00, 0x00, 0x00, 0xFF, 0x00, 0x00, 0x00, 0x00, 0x00, 0x00, 0xFF, 0x00, 0x00,
0x00, 0x00, 0x00, 0x00, 0xFF, 0x00, 0x00, 0x00, 0x00, 0x00, 0x00, 0xFF, 0x00, 0x00, 0x00, 0x00,
0x00, 0x00, 0xFF, 0x00, 0x00, 0x00, 0x00, 0x00, 0x00, 0xFF, 0xFF, 0xFF, 0xFF, 0xFF, 0xFF, 0xFF,
0xCE, 0x5A, 0x00, 0x00, 0x00, 0x00, 0x00, 0x00, 0x00, 0x5A, 0xCD, 0xFF, 0xC5, 0x14, 0x00, 0x00,
0x00, 0x00, 0x00, 0x14, 0xDF, 0xFF, 0xFF, 0x68, 0x78, 0x00, 0x00, 0x00, 0x00, 0x00, 0x7A, 0x83,
0xFF, 0xFF, 0x0E, 0xD7, 0x03, 0x00, 0x00, 0x00, 0x04, 0xDF, 0x1C, 0xFF, 0xFF, 0x00, 0x9E, 0x52,
0x00, 0x00, 0x00, 0x55, 0xAE, 0x00, 0xFF, 0xFF, 0x00, 0x39, 0xBF, 0x00, 0x00, 0x00, 0xC2, 0x43,
0x00, 0xFF, 0xFF, 0x00, 0x00, 0xD3, 0x2C, 0x00, 0x2F, 0xD8, 0x00, 0x00, 0xFF, 0xFF, 0x00, 0x00,
0x6F, 0x99, 0x00, 0x9D, 0x6E, 0x00, 0x00, 0xFF, 0xFF, 0x00, 0x00, 0x12, 0xEC, 0x1B, 0xEA, 0x0F,
0x00, 0x00, 0xFF, 0xFF, 0x00, 0x00, 0x00, 0xA5, 0xC3, 0x99, 0x00, 0x00, 0x00, 0xFF, 0xFF, 0x00,
0x00, 0x00, 0x40, 0xFF, 0x2F, 0x00, 0x00, 0x00, 0xFF, 0xFF, 0x00, 0x00, 0x00, 0x00, 0x9E, 0x00,
0x00, 0x00, 0x00, 0xFF, 0xCE, 0x5A, 0x00, 0x00, 0x00, 0x00, 0x00, 0x00, 0x00, 0x5A, 0xCD, 0xFF,
0xC5, 0x14, 0x00, 0x00, 0x00, 0x00, 0x00, 0x14, 0xDF, 0xFF, 0xFF, 0x68, 0x78, 0x00, 0x00, 0x00,
0x00, 0x00, 0x7A, 0x83, 0xFF, 0xFF, 0x0E, 0xD7, 0x03, 0x00, 0x00, 0x00, 0x04, 0xDF, 0x1C, 0xFF,
0xFF, 0x00, 0x9E, 0x52, 0x00, 0x00, 0x00, 0x55, 0xAE, 0x00, 0xFF, 0xFF, 0x00, 0x39, 0xBF, 0x00,
0x00, 0x00, 0xC2, 0x43, 0x00, 0xFF, 0xFF, 0x00, 0x00, 0xD3, 0x2C, 0x00, 0x2F, 0xD8, 0x00, 0x00,
0xFF, 0xFF, 0x00, 0x00, 0x6F, 0x99, 0x00, 0x9D, 0x6E, 0x00, 0x00, 0xFF, 0xFF, 0x00, 0x00, 0x12,
0xEC, 0x1B, 0xEA, 0x0F, 0x00, 0x00, 0xFF, 0xFF, 0x00, 0x00, 0x00, 0xA5, 0xC3, 0x99, 0x00, 0x00,
0x00, 0xFF, 0xFF, 0x00, 0x00, 0x00, 0x40, 0xFF, 0x2F, 0x00, 0x00, 0x00, 0xFF, 0xFF, 0x00, 0x00,
0x00, 0x00, 0x9E, 0x00, 0x00, 0x00, 0x00, 0xFF, 0xFF, 0x6D, 0x00, 0x00, 0x00, 0x00, 0x00, 0x00,
0xFF, 0xFF, 0xBF, 0x1D, 0x00, 0x00, 0x00, 0x00, 0x00, 0xFF, 0xFF, 0x30, 0xAF, 0x00, 0x00, 0x00,
0x00, 0x00, 0xFF, 0xFF, 0x00, 0x89, 0x57, 0x00, 0x00, 0x00, 0x00, 0xFF, 0xFF, 0x00, 0x09, 0xC5,
0x11, 0x00, 0x00, 0x00, 0xFF, 0xFF, 0x00, 0x00, 0x43, 0x9D, 0x00, 0x00, 0x00, 0xFF, 0xFF, 0x00,
0x00, 0x00, 0x9E, 0x42, 0x00, 0x00, 0xFF, 0xFF, 0x00, 0x00, 0x00, 0x12, 0xC5, 0x09, 0x00, 0xFF,
0xFF, 0x00, 0x00, 0x00, 0x00, 0x58, 0x88, 0x00, 0xFF, 0xFF, 0x00, 0x00, 0x00, 0x00, 0x00, 0xB0,
0x30, 0xFF, 0xFF, 0x00, 0x00, 0x00, 0x00, 0x00, 0x1D, 0xBE, 0xFF, 0xFF, 0x00, 0x00, 0x00, 0x00,
0x00, 0x00, 0x6E, 0xFF, 0x00, 0x00, 0x4A, 0xC0, 0xF2, 0xEE, 0xBA, 0x42, 0x00, 0x00, 0x00, 0x70,
0xDD, 0x54, 0x0E, 0x11, 0x58, 0xE0, 0x6A, 0x00, 0x2E, 0xE0, 0x16, 0x00, 0x00, 0x00, 0x00, 0x1C,
0xE7, 0x29, 0x9A, 0x6C, 0x00, 0x00, 0x00, 0x00, 0x00, 0x00, 0x78, 0x93, 0xD9, 0x27, 0x00, 0x00,
0x00, 0x00, 0x00, 0x00, 0x2B, 0xD7, 0xF6, 0x09, 0x00, 0x00, 0x00, 0x00, 0x00, 0x00, 0x0C, 0xF3,
0xF6, 0x05, 0x00, 0x00, 0x00, 0x00, 0x00, 0x00, 0x08, 0xF3, 0xDA, 0x21, 0x00, 0x00, 0x00, 0x00,
0x00, 0x00, 0x26, 0xD8, 0x96, 0x6C, 0x00, 0x00, 0x00, 0x00, 0x00, 0x00, 0x70, 0x93, 0x29, 0xE1,
0x18, 0x00, 0x00, 0x00, 0x00, 0x1A, 0xE4, 0x2B, 0x00, 0x69, 0xDC, 0x51, 0x0C, 0x0D, 0x52, 0xDC,
0x6C, 0x00, 0x00, 0x00, 0x43, 0xBB, 0xEE, 0xEE, 0xB9, 0x42, 0x00, 0x00, 0x00, 0x00, 0x4A, 0xC0,
0xF2, 0xEE, 0xBA, 0x42, 0x00, 0x00, 0x00, 0x70, 0xDD, 0x54, 0x0E, 0x11, 0x58, 0xE0, 0x6A, 0x00,
0x2E, 0xE0, 0x16, 0x00, 0x00, 0x00, 0x00, 0x1C, 0xE7, 0x29, 0x9A, 0x6C, 0x00, 0x00, 0x00, 0x00,
0x00, 0x00, 0x78, 0x93, 0xD9, 0x27, 0x00, 0x00, 0x00, 0x00, 0x00, 0x00, 0x2B, 0xD7, 0xF6, 0x09,
0x00, 0x00, 0x00, 0x00, 0x00, 0x00, 0x0C, 0xF3, 0xF6, 0x05, 0x00, 0x00, 0x00, 0x00, 0x00, 0x00,
0x08, 0xF3, 0xDA, 0x21, 0x00, 0x00, 0x00, 0x00, 0x00, 0x00, 0x26, 0xD8, 0x96, 0x6C, 0x00, 0x00,
0x00, 0x00, 0x00, 0x00, 0x70, 0x93, 0x29, 0xE1, 0x18, 0x00, 0x00, 0x00, 0x00, 0x1A, 0xE4, 0x2B,
0x00, 0x69, 0xDC, 0x51, 0x0C, 0x0D, 0x52, 0xDC, 0x6C, 0x00, 0x00, 0x00, 0x43, 0xBB, 0xEE, 0xEE,
0xB9, 0x42, 0x00, 0x00, 0xFF, 0xFF, 0xFF, 0xFF, 0xFE, 0xF5, 0xD1, 0x6C, 0x00, 0xFF, 0x00, 0x00,
0x00, 0x00, 0x07, 0x35, 0xD2, 0x70, 0xFF, 0x00, 0x00, 0x00, 0x00, 0x00, 0x00, 0x35, 0xDC, 0xFF,
0x00, 0x00, 0x00, 0x00, 0x00, 0x00, 0x0A, 0xF9, 0xFF, 0x00, 0x00, 0x00, 0x00, 0x00, 0x00, 0x3E,
0xD2, 0xFF, 0x00, 0x00, 0x00, 0x00, 0x0E, 0x46, 0xDB, 0x54, 0xFF, 0xFF, 0xFF, 0xFF, 0xFC, 0xEB,
0xB9, 0x4A, 0x00, 0xFF, 0x00, 0x00, 0x00, 0x00, 0x00, 0x00, 0x00, 0x00, 0xFF, 0x00, 0x00, 0x00,
0x00, 0x00, 0x00, 0x00, 0x00, 0xFF, 0x00, 0x00, 0x00, 0x00, 0x00, 0x00, 0x00, 0x00, 0xFF, 0x00,
0x00, 0x00, 0x00, 0x00, 0x00, 0x00, 0x00, 0xFF, 0x00, 0x00, 0x00, 0x00, 0x00, 0x00, 0x00, 0x00,
0xFF, 0xFF, 0xFF, 0xFF, 0xFE, 0xF5, 0xD1, 0x6C, 0x00, 0xFF, 0x00, 0x00, 0x00, 0x00, 0x07, 0x35,
0xD2, 0x70, 0xFF, 0x00, 0x00, 0x00, 0x00, 0x00, 0x00, 0x35, 0xDC, 0xFF, 0x00, 0x00, 0x00, 0x00,
0x00, 0x00, 0x0A, 0xF9, 0xFF, 0x00, 0x00, 0x00, 0x00, 0x00, 0x00, 0x3E, 0xD2, 0xFF, 0x00, 0x00,
0x00, 0x00, 0x0E, 0x46, 0xDB, 0x54, 0xFF, 0xFF, 0xFF, 0xFF, 0xFC, 0xEB, 0xB9, 0x4A, 0x00, 0xFF,
0x00, 0x00, 0x00, 0x00, 0x00, 0x00, 0x00, 0x00, 0xFF, 0x00, 0x00, 0x00, 0x00, 0x00, 0x00, 0x00,
0x00, 0xFF, 0x00, 0x00, 0x00, 0x00, 0x00, 0x00, 0x00, 0x00, 0xFF, 0x00, 0x00, 0x00, 0x00, 0x00,
0x00, 0x00, 0x00, 0xFF, 0x00, 0x00, 0x00, 0x00, 0x00, 0x00, 0x00, 0x00, 0x00, 0x00, 0x46, 0xBB,
0xEE, 0xED, 0xB8, 0x3F, 0x00, 0x00, 0x00, 0x6E, 0xDC, 0x52, 0x0E, 0x11, 0x58, 0xDF, 0x63, 0x00,
0x29, 0xE0, 0x16, 0x00, 0x00, 0x00, 0x00, 0x1B, 0xE4, 0x22, 0x93, 0x6B, 0x00, 0x00, 0x00, 0x00,
0x00, 0x00, 0x76, 0x8C, 0xD7, 0x24, 0x00, 0x00, 0x00, 0x00, 0x00, 0x00, 0x2A, 0xD2, 0xF4, 0x07,
0x00, 0x00, 0x00, 0x00, 0x00, 0x00, 0x0A, 0xF0, 0xF4, 0x07, 0x00, 0x00, 0x00, 0x00, 0x00, 0x00,
0x09, 0xFA, 0xD7, 0x25, 0x00, 0x00, 0x00, 0x00, 0x00, 0x00, 0x27, 0xEA, 0x90, 0x6E, 0x00, 0x00,
0x00, 0x07, 0x00, 0x00, 0x71, 0xC1, 0x24, 0xDD, 0x16, 0x00, 0x00, 0xC9, 0xB9, 0x42, 0xE7, 0x7A,
0x00, 0x5C, 0xD7, 0x50, 0x0C, 0x27, 0xA7, 0xFF, 0xF6, 0x14, 0x00, 0x00, 0x37, 0xAF, 0xE9, 0xF3,
0xCB, 0x6B, 0xC8, 0xA6, 0x00, 0x00, 0x00, 0x00, 0x00, 0x00, 0x00, 0x00, 0x02, 0x25, 0x00, 0x00,
0x46, 0xBB, 0xEE, 0xED, 0xB8, 0x3F, 0x00, 0x00, 0x00, 0x6E, 0xDC, 0x52, 0x0E, 0x11, 0x58, 0xDF,
0x63, 0x00, 0x29, 0xE0, 0x16, 0x00, 0x00, 0x00, 0x00, 0x1B, 0xE4, 0x22, 0x93, 0x6B, 0x00, 0x00,
0x00, 0x00, 0x00, 0x00, 0x76, 0x8C, 0xD7, 0x24, 0x00, 0x00, 0x00, 0x00, 0x00, 0x00, 0x2A, 0xD2,
0xF4, 0x07, 0x00, 0x00, 0x00, 0x00, 0x00, 0x00, 0x0A, 0xF0, 0xF4, 0x07, 0x00, 0x00, 0x00, 0x00,
0x00, 0x00, 0x09, 0xFA, 0xD7, 0x25, 0x00, 0x00, 0x00, 0x00, 0x00, 0x00, 0x27, 0xEA, 0x90, 0x6E,
0x00, 0x00, 0x00, 0x07, 0x00, 0x00, 0x71, 0xC1, 0x24, 0xDD, 0x16, 0x00, 0x00, 0xC9, 0xB9, 0x42,
0xE7, 0x7A, 0x00, 0x5C, 0xD7, 0x50, 0x0C, 0x27, 0xA7, 0xFF, 0xF6, 0x14, 0x00, 0x00, 0x37, 0xAF,
0xE9, 0xF3, 0xCB, 0x6B, 0xC8, 0xA6, 0x00, 0x00, 0x00, 0x00, 0x00, 0x00, 0x00, 0x00, 0x02, 0x25,
0xFF, 0xFF, 0xFF, 0xFF, 0xFF, 0xF3, 0xD2, 0x70, 0x00, 0x00, 0xFF, 0x00, 0x00, 0x00, 0x00, 0x16,
0x52, 0xE2, 0x6A, 0x00, 0xFF, 0x00, 0x00, 0x00, 0x00, 0x00, 0x00, 0x40, 0xD7, 0x00, 0xFF, 0x00,
0x00, 0x00, 0x00, 0x00, 0x00, 0x0B, 0xF6, 0x00, 0xFF, 0x00, 0x00, 0x00, 0x00, 0x00, 0x00, 0x4B,
0xD3, 0x00, 0xFF, 0x00, 0x00, 0x00, 0x02, 0x19, 0x63, 0xEC, 0x58, 0x00, 0xFF, 0xFF, 0xFF, 0xFF,
0xFF, 0xE9, 0xB2, 0x4A, 0x00, 0x00, 0xFF, 0x00, 0x00, 0x0E, 0x81, 0xB6, 0x13, 0x00, 0x00, 0x00,
0xFF, 0x00, 0x00, 0x00, 0x00, 0x83, 0xAC, 0x02, 0x00, 0x00, 0xFF, 0x00, 0x00, 0x00, 0x00, 0x02,
0xC0, 0x74, 0x00, 0x00, 0xFF, 0x00, 0x00, 0x00, 0x00, 0x00, 0x17, 0xDA, 0x25, 0x00, 0xFF, 0x00,
0x00, 0x00, 0x00, 0x00, 0x00, 0x34, 0xB9, 0x01, 0x00, 0x46, 0xB5, 0xEC, 0xFA, 0xE8, 0xB3, 0x47,
0x00, 0x5D, 0xCD, 0x48, 0x15, 0x06, 0x18, 0x59, 0xE1, 0x64, 0xDE, 0x1E, 0x00, 0x00, 0x00, 0x00,
0x00, 0x33, 0xE3, 0xF3, 0x3A, 0x00, 0x00, 0x00, 0x00, 0x00, 0x00, 0x00, 0x63, 0xE8, 0x53, 0x02,
0x00, 0x00, 0x00, 0x00, 0x00, 0x00, 0x5F, 0xF1, 0xE6, 0x9F, 0x66, 0x43, 0x34, 0x00, 0x00, 0x00,
0x07, 0x39, 0x60, 0x91, 0xEA, 0xFE, 0x5B, 0x00, 0x00, 0x00, 0x00, 0x00, 0x00, 0x0D, 0x82, 0xD6,
0x00, 0x00, 0x00, 0x00, 0x00, 0x00, 0x00, 0x19, 0xF7, 0xE5, 0x30, 0x00, 0x00, 0x00, 0x00, 0x00,
0x0E, 0xCD, 0x67, 0xE1, 0x62, 0x29, 0x0A, 0x13, 0x37, 0xAB, 0x47, 0x00, 0x49, 0xB5, 0xE8, 0xFA,
0xEF, 0xB7, 0x3A, 0x00, 0xFF, 0xFF, 0xFF, 0xFF, 0xFF, 0xFF, 0xFF, 0xFF, 0xFF, 0x00, 0x00, 0x00,
0x00, 0xFF, 0x00, 0x00, 0x00, 0x00, 0x00, 0x00, 0x00, 0x00, 0xFF, 0x00, 0x00, 0x00, 0x00, 0x00,
0x00, 0x00, 0x00, 0xFF, 0x00, 0x00, 0x00, 0x00, 0x00, 0x00, 0x00, 0x00, 0xFF, 0x00, 0x00, 0x00,
0x00, 0x00, 0x00, 0x00, 0x00, 0xFF, 0x00, 0x00, 0x00, 0x00, 0x00, 0x00, 0x00, 0x00, 0xFF, 0x00,
0x00, 0x00, 0x00, 0x00, 0x00, 0x00, 0x00, 0xFF, 0x00, 0x00, 0x00, 0x00, 0x00, 0x00, 0x00, 0x00,
0xFF, 0x00, 0x00, 0x00, 0x00, 0x00, 0x00, 0x00, 0x00, 0xFF, 0x00, 0x00, 0x00, 0x00, 0x00, 0x00,
0x00, 0x00, 0xFF, 0x00, 0x00, 0x00, 0x00, 0x00, 0x00, 0x00, 0x00, 0xFF, 0x00, 0x00, 0x00, 0x00,
0xFF, 0xFF, 0xFF, 0xFF, 0xFF, 0xFF, 0xFF, 0xFF, 0xFF, 0x00, 0x00, 0x00, 0x00, 0xFF, 0x00, 0x00,
0x00, 0x00, 0x00, 0x00, 0x00, 0x00, 0xFF, 0x00, 0x00, 0x00, 0x00, 0x00, 0x00, 0x00, 0x00, 0xFF,
0x00, 0x00, 0x00, 0x00, 0x00, 0x00, 0x00, 0x00, 0xFF, 0x00, 0x00, 0x00, 0x00, 0x00, 0x00, 0x00,
0x00, 0xFF, 0x00, 0x00, 0x00, 0x00, 0x00, 0x00, 0x00, 0x00, 0xFF, 0x00, 0x00, 0x00, 0x00, 0x00,
0x00, 0x00, 0x00, 0xFF, 0x00, 0x00, 0x00, 0x00, 0x00, 0x00, 0x00, 0x00, 0xFF, 0x00, 0x00, 0x00,
0x00, 0x00, 0x00, 0x00, 0x00, 0xFF, 0x00, 0x00, 0x00, 0x00, 0x00, 0x00, 0x00, 0x00, 0xFF, 0x00,
0x00, 0x00, 0x00, 0x00, 0x00, 0x00, 0x00, 0xFF, 0x00, 0x00, 0x00, 0x00, 0xFF, 0x00, 0x00, 0x00,
0x00, 0x00, 0x00, 0x00, 0xFF, 0xFF, 0x00, 0x00, 0x00, 0x00, 0x00, 0x00, 0x00, 0xFF, 0xFF, 0x00,
0x00, 0x00, 0x00, 0x00, 0x00, 0x00, 0xFF, 0xFF, 0x00, 0x00, 0x00, 0x00, 0x00, 0x00, 0x00, 0xFF,
0xFF, 0x00, 0x00, 0x00, 0x00, 0x00, 0x00, 0x00, 0xFF, 0xFF, 0x00, 0x00, 0x00, 0x00, 0x00, 0x00,
0x00, 0xFF, 0xFF, 0x00, 0x00, 0x00, 0x00, 0x00, 0x00, 0x00, 0xFF, 0xF5, 0x03, 0x00, 0x00, 0x00,
0x00, 0x00, 0x05, 0xF5, 0xDD, 0x11, 0x00, 0x00, 0x00, 0x00, 0x00, 0x1F, 0xDD, 0xA0, 0x47, 0x00,
0x00, 0x00, 0x00, 0x00, 0x6B, 0x9E, 0x26, 0xD8, 0x5D, 0x16, 0x04, 0x19, 0x67, 0xE0, 0x23, 0x00,
0x2B, 0xA8, 0xE6, 0xF9, 0xE5, 0xA3, 0x25, 0x00, 0x3B, 0xE3, 0x02, 0x00, 0x00, 0x00, 0x00, 0x00,
0x01, 0xDE, 0x44, 0x00, 0xD6, 0x44, 0x00, 0x00, 0x00, 0x00, 0x00, 0x3E, 0xDE, 0x01, 0x00, 0x73,
0xA2, 0x00, 0x00, 0x00, 0x00, 0x00, 0x9D, 0x7A, 0x00, 0x00, 0x14, 0xEE, 0x0B, 0x00, 0x00, 0x00,
0x09, 0xEE, 0x1A, 0x00, 0x00, 0x00, 0xAB, 0x5E, 0x00, 0x00, 0x00, 0x5B, 0xB0, 0x00, 0x00, 0x00,
0x00, 0x47, 0xBC, 0x00, 0x00, 0x00, 0xBA, 0x4B, 0x00, 0x00, 0x00, 0x00, 0x02, 0xDE, 0x1C, 0x00,
0x1B, 0xE0, 0x03, 0x00, 0x00, 0x00, 0x00, 0x00, 0x7F, 0x78, 0x00, 0x77, 0x81, 0x00, 0x00, 0x00,
0x00, 0x00, 0x00, 0x1D, 0xD2, 0x00, 0xD2, 0x1F, 0x00, 0x00, 0x00, 0x00, 0x00, 0x00, 0x00, 0xB7,
0x57, 0xB7, 0x00, 0x00, 0x00, 0x00, 0x00, 0x00, 0x00, 0x00, 0x53, 0xEA, 0x52, 0x00, 0x00, 0x00,
0x00, 0x00, 0x00, 0x00, 0x00, 0x05, 0xD2, 0x05, 0x00, 0x00, 0x00, 0x00, 0x3B, 0xE3, 0x02, 0x00,
0x00, 0x00, 0x00, 0x00, 0x01, 0xDE, 0x44, 0x00, 0xD6, 0x44, 0x00, 0x00, 0x00, 0x00, 0x00, 0x3E,
0xDE, 0x01, 0x00, 0x73, 0xA2, 0x00, 0x00, 0x00, 0x00, 0x00, 0x9D, 0x7A, 0x00, 0x00, 0x14, 0xEE,
0x0B, 0x00, 0x00, 0x00, 0x09, 0xEE, 0x1A, 0x00, 0x00, 0x00, 0xAB, 0x5E, 0x00, 0x00, 0x00, 0x5B,
0xB0, 0x00, 0x00, 0x00, 0x00, 0x47, 0xBC, 0x00, 0x00, 0x00, 0xBA, 0x4B, 0x00, 0x00, 0x00, 0x00,
0x02, 0xDE, 0x1C, 0x00, 0x1B, 0xE0, 0x03, 0x00, 0x00, 0x00, 0x00, 0x00, 0x7F, 0x78, 0x00, 0x77,
0x81, 0x00, 0x00, 0x00, 0x00, 0x00, 0x00, 0x1D, 0xD2, 0x00, 0xD2, 0x1F, 0x00, 0x00, 0x00, 0x00,
0x00, 0x00, 0x00, 0xB7, 0x57, 0xB7, 0x00, 0x00, 0x00, 0x00, 0x00, 0x00, 0x00, 0x00, 0x53, 0xEA,
0x52, 0x00, 0x00, 0x00, 0x00, 0x00, 0x00, 0x00, 0x00, 0x05, 0xD2, 0x05, 0x00, 0x00, 0x00, 0x00,
0xE0, 0x1B, 0x00, 0x00, 0x00, 0x00, 0x3B, 0xFF, 0x3A, 0x00, 0x00, 0x00, 0x00, 0x1B, 0xDF, 0xA3,
0x59, 0x00, 0x00, 0x00, 0x00, 0x90, 0xE6, 0x8F, 0x00, 0x00, 0x00, 0x00, 0x5A, 0xA2, 0x65, 0x97,
0x00, 0x00, 0x00, 0x01, 0xE3, 0x4E, 0xE3, 0x01, 0x00, 0x00, 0x00, 0x98, 0x63, 0x26, 0xD5, 0x00,
0x00, 0x00, 0x3A, 0xD2, 0x00, 0xD1, 0x3A, 0x00, 0x00, 0x00, 0xD7, 0x25, 0x00, 0xE6, 0x14, 0x00,
0x00, 0x8F, 0x78, 0x00, 0x78, 0x8F, 0x00, 0x00, 0x15, 0xE6, 0x00, 0x00, 0xAA, 0x51, 0x00, 0x01,
0xE1, 0x1F, 0x00, 0x1F, 0xE2, 0x01, 0x00, 0x53, 0xA8, 0x00, 0x00, 0x6B, 0x8F, 0x00, 0x39, 0xC5,
0x00, 0x00, 0x00, 0xC4, 0x3A, 0x00, 0x92, 0x6A, 0x00, 0x00, 0x2D, 0xCE, 0x00, 0x8E, 0x6B, 0x00,
0x00, 0x00, 0x6A, 0x8F, 0x00, 0xD0, 0x2C, 0x00, 0x00, 0x01, 0xEA, 0x10, 0xDD, 0x15, 0x00, 0x00,
0x00, 0x14, 0xDE, 0x12, 0xEA, 0x01, 0x00, 0x00, 0x00, 0xB0, 0x84, 0xB8, 0x00, 0x00, 0x00, 0x00,
0x00, 0xB6, 0x86, 0xAF, 0x00, 0x00, 0x00, 0x00, 0x72, 0xF7, 0x5E, 0x00, 0x00, 0x00, 0x00, 0x00,
0x5C, 0xF8, 0x71, 0x00, 0x00, 0x00, 0x00, 0x33, 0xF7, 0x0D, 0x00, 0x00, 0x00, 0x00, 0x00, 0x0C,
0xF5, 0x33, 0x00, 0x00, 0x00, 0xA2, 0x4A, 0x00, 0x00, 0x00, 0x00, 0x00, 0x52, 0xA7, 0x00, 0x00,
0x0C, 0xBB, 0x0C, 0x00, 0x00, 0x00, 0x10, 0xCC, 0x11, 0x00, 0x00, 0x00, 0x32, 0x8B, 0x00, 0x00,
0x00, 0x9D, 0x48, 0x00, 0x00, 0x00, 0x00, 0x00, 0x6C, 0x4C, 0x00, 0x50, 0x95, 0x00, 0x00, 0x00,
0x00, 0x00, 0x00, 0x00, 0xAE, 0x96, 0xD7, 0x0B, 0x00, 0x00, 0x00, 0x00, 0x00, 0x00, 0x00, 0x30,
0xFF, 0x69, 0x00, 0x00, 0x00, 0x00, 0x00, 0x00, 0x00, 0x05, 0xBB, 0x54, 0xDB, 0x15, 0x00, 0x00,
0x00, 0x00, 0x00, 0x00, 0x8E, 0x4F, 0x00, 0x59, 0xB5, 0x01, 0x00, 0x00, 0x00, 0x00, 0x54, 0x81,
0x00, 0x00, 0x00, 0x85, 0x71, 0x00, 0x00, 0x00, 0x25, 0xB0, 0x03, 0x00, 0x00, 0x00, 0x01, 0xA8,
0x32, 0x00, 0x09, 0xB9, 0x18, 0x00, 0x00, 0x00, 0x00, 0x00, 0x0B, 0xAA, 0x0C, 0x9B, 0x42, 0x00,
0x00, 0x00, 0x00, 0x00, 0x00, 0x00, 0x1E, 0x8B, 0xB6, 0x49, 0x00, 0x00, 0x00, 0x00, 0x00, 0x49,
0xB5, 0x28, 0xD2, 0x05, 0x00, 0x00, 0x00, 0x05, 0xD2, 0x27, 0x00, 0x8F, 0x71, 0x00, 0x00, 0x00,
0x70, 0x8E, 0x00, 0x00, 0x10, 0xDA, 0x14, 0x00, 0x14, 0xD9, 0x0F, 0x00, 0x00, 0x00, 0x67, 0x98,
0x00, 0x98, 0x66, 0x00, 0x00, 0x00, 0x00, 0x02, 0xCD, 0x5E, 0xCC, 0x02, 0x00, 0x00, 0x00, 0x00,
0x00, 0x3F, 0xFF, 0x3E, 0x00, 0x00, 0x00, 0x00, 0x00, 0x00, 0x00, 0xFF, 0x00, 0x00, 0x00, 0x00,
0x00, 0x00, 0x00, 0x00, 0xFF, 0x00, 0x00, 0x00, 0x00, 0x00, 0x00, 0x00, 0x00, 0xFF, 0x00, 0x00,
0x00, 0x00, 0x00, 0x00, 0x00, 0x00, 0xFF, 0x00, 0x00, 0x00, 0x00, 0x00, 0x00, 0x00, 0x00, 0xFF,
0x00, 0x00, 0x00, 0x00, 0x00, 0xFF, 0xFF, 0xFF, 0xFF, 0xFF, 0xFF, 0xFF, 0xAF, 0x00, 0x00, 0x00,
0x00, 0x00, 0x00, 0x13, 0xD6, 0x1A, 0x00, 0x00, 0x00, 0x00, 0x00, 0x00, 0xAA, 0x5B, 0x00, 0x00,
0x00, 0x00, 0x00, 0x00, 0x59, 0xAD, 0x00, 0x00, 0x00, 0x00, 0x00, 0x00, 0x18, 0xD7, 0x15, 0x00,
0x00, 0x00, 0x00, 0x00, 0x00, 0xB2, 0x52, 0x00, 0x00, 0x00, 0x00, 0x00, 0x00, 0x60, 0xA4, 0x00,
0x00, 0x00, 0x00, 0x00, 0x00, 0x1C, 0xD5, 0x11, 0x00, 0x00, 0x00, 0x00, 0x00, 0x00, 0xB8, 0x49,
0x00, 0x00, 0x00, 0x00, 0x00, 0x00, 0x67, 0x9B, 0x00, 0x00, 0x00, 0x00, 0x00, 0x00, 0x20, 0xD4,
0x0D, 0x00, 0x00, 0x00, 0x00, 0x00, 0x00, 0xB5, 0xFF, 0xFF, 0xFF, 0xFF, 0xFF, 0xFF, 0xFF, 0xFF,
0xFF, 0xFF, 0xFF, 0xFF, 0x00, 0x00, 0xFF, 0x00, 0x00, 0xFF, 0x00, 0x00, 0xFF, 0x00, 0x00, 0xFF,
0x00, 0x00, 0xFF, 0x00, 0x00, 0xFF, 0x00, 0x00, 0xFF, 0x00, 0x00, 0xFF, 0x00, 0x00, 0xFF, 0x00,
0x00, 0xFF, 0x00, 0x00, 0xFF, 0x00, 0x00, 0xFF, 0x00, 0x00, 0xFF, 0xFF, 0xFF, 0xE0, 0x1F, 0x00,
0x00, 0xA1, 0x5F, 0x00, 0x00, 0x61, 0x9F, 0x00, 0x00, 0x20, 0xDF, 0x00, 0x00, 0x00, 0xE0, 0x1F,
0x00, 0x00, 0xA1, 0x5F, 0x00, 0x00, 0x61, 0x9F, 0x00, 0x00, 0x20, 0xDF, 0x00, 0x00, 0x00, 0xE0,
0x1F, 0x00, 0x00, 0xA1, 0x5F, 0x00, 0x00, 0x61, 0x9F, 0x00, 0x00, 0x20, 0xDF, 0xFF, 0xFF, 0xFF,
0x00, 0x00, 0xFF, 0x00, 0x00, 0xFF, 0x00, 0x00, 0xFF, 0x00, 0x00, 0xFF, 0x00, 0x00, 0xFF, 0x00,
0x00, 0xFF, 0x00, 0x00, 0xFF, 0x00, 0x00, 0xFF, 0x00, 0x00, 0xFF, 0x00, 0x00, 0xFF, 0x00, 0x00,
0xFF, 0x00, 0x00, 0xFF, 0x00, 0x00, 0xFF, 0xFF, 0xFF, 0xFF, 0x00, 0x00, 0x40, 0xFF, 0x3F, 0x00,
0x00, 0x00, 0x00, 0xC0, 0x80, 0xBF, 0x00, 0x00, 0x00, 0x40, 0xBF, 0x00, 0xC0, 0x3F, 0x00, 0x00,
0xC0, 0x3F, 0x00, 0x40, 0xBF, 0x00, 0x40, 0xBF, 0x00, 0x00, 0x00, 0xC0, 0x3F, 0xC0, 0x3F, 0x00,
0x00, 0x00, 0x40, 0xBF, 0xFF, 0xFF, 0xFF, 0xFF, 0xFF, 0xFF, 0xFF, 0xFF, 0xFF, 0xC0, 0x3F, 0x40,
0xBF, 0x00, 0x70, 0xD5, 0xF8, 0xF0, 0xAF, 0x1D, 0x73, 0xC4, 0x2B, 0x07, 0x1B, 0x8F, 0xAF, 0xDE,
0x2D, 0x00, 0x00, 0x00, 0x0A, 0xF5, 0x00, 0x09, 0x43, 0x46, 0x87, 0xD6, 0xFF, 0x31, 0xE8, 0xD2,
0x9F, 0x6E, 0x2D, 0xFF, 0xD2, 0x60, 0x00, 0x00, 0x00, 0x13, 0xFF, 0xF5, 0x0E, 0x00, 0x00, 0x00,
0x58, 0xFF, 0xB8, 0x8C, 0x10, 0x0E, 0x58, 0xEB, 0xFF, 0x1B, 0xB1, 0xF0, 0xEB, 0xBE, 0x4C, 0xFF,
0x00, 0x70, 0xD5, 0xF8, 0xF0, 0xAF, 0x1D, 0x73, 0xC4, 0x2B, 0x07, 0x1B, 0x8F, 0xAF, 0xDE, 0x2D,
0x00, 0x00, 0x00, 0x0A, 0xF5, 0x00, 0x09, 0x43, 0x46, 0x87, 0xD6, 0xFF, 0x31, 0xE8, 0xD2, 0x9F,
0x6E, 0x2D, 0xFF, 0xD2, 0x60, 0x00, 0x00, 0x00, 0x13, 0xFF, 0xF5, 0x0E, 0x00, 0x00, 0x00, 0x58,
0xFF, 0xB8, 0x8C, 0x10, 0x0E, 0x58, 0xEB, 0xFF, 0x1B, 0xB1, 0xF0, 0xEB, 0xBE, 0x4C, 0xFF, 0xFF,
0x00, 0x00, 0x00, 0x00, 0x00, 0x00, 0xFF, 0x00, 0x00, 0x00, 0x00, 0x00, 0x00, 0xFF, 0x00, 0x00,
0x00, 0x00, 0x00, 0x00, 0xFF, 0x60, 0xD6, 0xF7, 0xC9, 0x43, 0x00, 0xFF, 0xF1, 0x55, 0x0F, 0x4C,
0xE7, 0x2A, 0xFF, 0x6E, 0x00, 0x00, 0x00, 0x66, 0xA6, 0xFF, 0x1E, 0x00, 0x00, 0x00, 0x1E, 0xEA,
0xFF, 0x06, 0x00, 0x00, 0x00, 0x08, 0xFB, 0xFF, 0x16, 0x00, 0x00, 0x00, 0x20, 0xE5, 0xFF, 0x5A,
0x00, 0x00, 0x00, 0x6E, 0xA5, 0xFF, 0xE7, 0x40, 0x0B, 0x53, 0xE5, 0x29, 0xFF, 0x62, 0xE0, 0xF9,
0xC5, 0x35, 0x00, 0xFF, 0x00, 0x00, 0x00, 0x00, 0x00, 0x00, 0xFF, 0x00, 0x00, 0x00, 0x00, 0x00,
0x00, 0xFF, 0x00, 0x00, 0x00, 0x00, 0x00, 0x00, 0xFF, 0x60, 0xD6, 0xF7, 0xC9, 0x43, 0x00, 0xFF,
0xF1, 0x55, 0x0F, 0x4C, 0xE7, 0x2A, 0xFF, 0x6E, 0x00, 0x00, 0x00, 0x66, 0xA6, 0xFF, 0x1E, 0x00,
0x00, 0x00, 0x1E, 0xEA, 0xFF, 0x06, 0x00, 0x00, 0x00, 0x08, 0xFB, 0xFF, 0x16, 0x00, 0x00, 0x00,
0x20, 0xE5, 0xFF, 0x5A, 0x00, 0x00, 0x00, 0x6E, 0xA5, 0xFF, 0xE7, 0x40, 0x0B, 0x53, 0xE5, 0x29,
0xFF, 0x62, 0xE0, 0xF9, 0xC5, 0x35, 0x00, 0x00, 0x65, 0xDF, 0xF4, 0xBA, 0x22, 0x4F, 0xDD, 0x34,
0x12, 0x6F, 0xCB, 0xB9, 0x54, 0x00, 0x00, 0x00, 0x00, 0xEC, 0x18, 0x00, 0x00, 0x00, 0x00, 0xFA,
0x05, 0x00, 0x00, 0x00, 0x00, 0xE4, 0x17, 0x00, 0x00, 0x00, 0x00, 0xB9, 0x4F, 0x00, 0x00, 0x00,
0x00, 0x4B, 0xD7, 0x2B, 0x13, 0x69, 0xCA, 0x00, 0x71, 0xE8, 0xF3, 0xB6, 0x1F, 0x00, 0x00, 0x00,
0x00, 0x00, 0x00, 0xFF, 0x00, 0x00, 0x00, 0x00, 0x00, 0x00, 0xFF, 0x00, 0x00, 0x00, 0x00, 0x00,
0x00, 0xFF, 0x00, 0x3F, 0xC7, 0xF6, 0xDE, 0x5E, 0xFF, 0x31, 0xE3, 0x47, 0x0E, 0x52, 0xEF, 0xFF,
0xAB, 0x62, 0x00, 0x00, 0x00, 0x63, 0xFF, 0xE7, 0x1C, 0x00, 0x00, 0x00, 0x19, 0xFF, 0xFA, 0x07,
0x00, 0x00, 0x00, 0x05, 0xFF, 0xE6, 0x1E, 0x00, 0x00, 0x00, 0x1B, 0xFF, 0xA3, 0x6B, 0x00, 0x00,
0x00, 0x60, 0xFF, 0x27, 0xE4, 0x52, 0x0E, 0x48, 0xE9, 0xFF, 0x00, 0x36, 0xC3, 0xF7, 0xE0, 0x64,
0xFF, 0x00, 0x48, 0xD1, 0xF8, 0xD5, 0x4C, 0x00, 0x2D, 0xE9, 0x50, 0x0B, 0x3F, 0xE4, 0x2F, 0xA7,
0x65, 0x00, 0x00, 0x00, 0x5B, 0xA8, 0xDD, 0x18, 0x00, 0x00, 0x00, 0x15, 0xDD, 0xF7, 0xFF, 0xFF,
0xFF, 0xFF, 0xFF, 0xFA, 0xD8, 0x18, 0x00, 0x00, 0x00, 0x00, 0x00, 0x9E, 0x62, 0x00, 0x00, 0x00,
0x32, 0xCA, 0x28, 0xE8, 0x52, 0x0C, 0x2E, 0xCE, 0x54, 0x00, 0x49, 0xD1, 0xF8, 0xDA, 0x62, 0x00,
0x00, 0x51, 0xFA, 0xF2, 0x19, 0x00, 0xFA, 0x50, 0x08, 0x00, 0x00, 0xFF, 0x00, 0x00, 0x00, 0xFF,
0xFF, 0xFF, 0xFF, 0x00, 0x00, 0xFF, 0x00, 0x00, 0x00, 0x00, 0xFF, 0x00, 0x00, 0x00, 0x00, 0xFF,
0x00, 0x00, 0x00, 0x00, 0xFF, 0x00, 0x00, 0x00, 0x00, 0xFF, 0x00, 0x00, 0x00, 0x00, 0xFF, 0x00,
0x00, 0x00, 0x00, 0xFF, 0x00, 0x00, 0x00, 0x00, 0xFF, 0x00, 0x00, 0x00, 0x00, 0x41, 0xCB, 0xF5,
0xD3, 0x58, 0xFF, 0x2D, 0xE6, 0x4D, 0x0F, 0x55, 0xF1, 0xFF, 0xA5, 0x67, 0x00, 0x00, 0x00, 0x6F,
0xFF, 0xE5, 0x1C, 0x00, 0x00, 0x00, 0x20, 0xFF, 0xF9, 0x07, 0x00, 0x00, 0x00, 0x08, 0xFF, 0xDE,
0x1D, 0x00, 0x00, 0x00, 0x1E, 0xFF, 0xA0, 0x63, 0x00, 0x00, 0x00, 0x65, 0xFF, 0x26, 0xE1, 0x49,
0x0D, 0x4B, 0xEB, 0xFE, 0x00, 0x42, 0xCD, 0xF7, 0xD5, 0x5F, 0xF3, 0x00, 0x00, 0x00, 0x00, 0x00,
0x21, 0xD0, 0xE0, 0x69, 0x11, 0x06, 0x2E, 0xBE, 0x65, 0x33, 0xB9, 0xEE, 0xF8, 0xD2, 0x62, 0x00,
0xFF, 0x00, 0x00, 0x00, 0x00, 0x00, 0xFF, 0x00, 0x00, 0x00, 0x00, 0x00, 0xFF, 0x00, 0x00, 0x00,
0x00, 0x00, 0xFF, 0x66, 0xD8, 0xFD, 0xFA, 0x50, 0xFF, 0xCC, 0x2A, 0x00, 0x52, 0xFA, 0xFF, 0x35,
0x00, 0x00, 0x00, 0xFF, 0xFF, 0x07, 0x00, 0x00, 0x00, 0xFF, 0xFF, 0x00, 0x00, 0x00, 0x00, 0xFF,
0xFF, 0x00, 0x00, 0x00, 0x00, 0xFF, 0xFF, 0x00, 0x00, 0x00, 0x00, 0xFF, 0xFF, 0x00, 0x00, 0x00,
0x00, 0xFF, 0xFF, 0x00, 0x00, 0x00, 0x00, 0xFF, 0xFF, 0x00, 0x00, 0xFF, 0xFF, 0xFF, 0xFF, 0xFF,
0xFF, 0xFF, 0xFF, 0xFF, 0x00, 0x00, 0xFF, 0x00, 0x00, 0x00, 0x00, 0x00, 0x00, 0x00, 0x00, 0xFF,
0x00, 0x00, 0xFF, 0x00, 0x00, 0xFF, 0x00, 0x00, 0xFF, 0x00, 0x00, 0xFF, 0x00, 0x00, 0xFF, 0x00,
0x00, 0xFF, 0x00, 0x00, 0xFF, 0x00, 0x00, 0xFF, 0x00, 0x00, 0xFF, 0x0A, 0x51, 0xFA, 0x9C, 0xFA,
0x51, 0xFF, 0x00, 0x00, 0x00, 0x00, 0x00, 0x00, 0x00, 0xFF, 0x00, 0x00, 0x00, 0x00, 0x00, 0x00,
0x00, 0xFF, 0x00, 0x00, 0x00, 0x00, 0x00, 0x00, 0x00, 0xFF, 0x00, 0x00, 0x00, 0x00, 0x11, 0x6E,
0x07, 0xFF, 0x00, 0x00, 0x00, 0x20, 0x72, 0x03, 0x00, 0xFF, 0x00, 0x00, 0x34, 0x70, 0x00, 0x00,
0x00, 0xFF, 0x00, 0x4D, 0xAC, 0x00, 0x00, 0x00, 0x00, 0xFF, 0x6B, 0x83, 0xCA, 0x31, 0x00, 0x00,
0x00, 0xFF, 0xB4, 0x02, 0x33, 0xC8, 0x02, 0x00, 0x00, 0xFF, 0x0F, 0x00, 0x00, 0x91, 0x6E, 0x00,
0x00, 0xFF, 0x00, 0x00, 0x00, 0x0D, 0xD6, 0x1C, 0x00, 0xFF, 0x00, 0x00, 0x00, 0x00, 0x50, 0xAF,
0x00, 0xFF, 0x00, 0x00, 0x00, 0x00, 0x00, 0x00, 0x00, 0xFF, 0x00, 0x00, 0x00, 0x00, 0x00, 0x00,
0x00, 0xFF, 0x00, 0x00, 0x00, 0x00, 0x00, 0x00, 0x00, 0xFF, 0x00, 0x00, 0x00, 0x00, 0x11, 0x6E,
0x07, 0xFF, 0x00, 0x00, 0x00, 0x20, 0x72, 0x03, 0x00, 0xFF, 0x00, 0x00, 0x34, 0x70, 0x00, 0x00,
0x00, 0xFF, 0x00, 0x4D, 0xAC, 0x00, 0x00, 0x00, 0x00, 0xFF, 0x6B, 0x83, 0xCA, 0x31, 0x00, 0x00,
0x00, 0xFF, 0xB4, 0x02, 0x33, 0xC8, 0x02, 0x00, 0x00, 0xFF, 0x0F, 0x00, 0x00, 0x91, 0x6E, 0x00,
0x00, 0xFF, 0x00, 0x00, 0x00, 0x0D, 0xD6, 0x1C, 0x00, 0xFF, 0x00, 0x00, 0x00, 0x00, 0x50, 0xAF,
0x00, 0xFF, 0xFF, 0xFF, 0xFF, 0xFF, 0xFF, 0xFF, 0xFF, 0xFF, 0xFF, 0xFF, 0xFF, 0xFF, 0x45, 0xD6,
0xF9, 0xD5, 0x43, 0x58, 0xD9, 0xFD, 0xFA, 0x50, 0xFF, 0xCE, 0x2E, 0x0B, 0x83, 0xF3, 0xCB, 0x2E,
0x02, 0x52, 0xFA, 0xFF, 0x3D, 0x00, 0x00, 0x10, 0xFF, 0x35, 0x00, 0x00, 0x00, 0xFF, 0xFF, 0x0B,
0x00, 0x00, 0x00, 0xFF, 0x07, 0x00, 0x00, 0x00, 0xFF, 0xFF, 0x00, 0x00, 0x00, 0x00, 0xFF, 0x00,
0x00, 0x00, 0x00, 0xFF, 0xFF, 0x00, 0x00, 0x00, 0x00, 0xFF, 0x00, 0x00, 0x00, 0x00, 0xFF, 0xFF,
0x00, 0x00, 0x00, 0x00, 0xFF, 0x00, 0x00, 0x00, 0x00, 0xFF, 0xFF, 0x00, 0x00, 0x00, 0x00, 0xFF,
0x00, 0x00, 0x00, 0x00, 0xFF, 0xFF, 0x00, 0x00, 0x00, 0x00, 0xFF, 0x00, 0x00, 0x00, 0x00, 0xFF,
0xFF, 0x45, 0xD6, 0xF9, 0xD5, 0x43, 0x58, 0xD9, 0xFD, 0xFA, 0x50, 0xFF, 0xCE, 0x2E, 0x0B, 0x83,
0xF3, 0xCB, 0x2E, 0x02, 0x52, 0xFA, 0xFF, 0x3D, 0x00, 0x00, 0x10, 0xFF, 0x35, 0x00, 0x00, 0x00,
0xFF, 0xFF, 0x0B, 0x00, 0x00, 0x00, 0xFF, 0x07, 0x00, 0x00, 0x00, 0xFF, 0xFF, 0x00, 0x00, 0x00,
0x00, 0xFF, 0x00, 0x00, 0x00, 0x00, 0xFF, 0xFF, 0x00, 0x00, 0x00, 0x00, 0xFF, 0x00, 0x00, 0x00,
0x00, 0xFF, 0xFF, 0x00, 0x00, 0x00, 0x00, 0xFF, 0x00, 0x00, 0x00, 0x00, 0xFF, 0xFF, 0x00, 0x00,
0x00, 0x00, 0xFF, 0x00, 0x00, 0x00, 0x00, 0xFF, 0xFF, 0x00, 0x00, 0x00, 0x00, 0xFF, 0x00, 0x00,
0x00, 0x00, 0xFF, 0xFF, 0x54, 0xDB, 0xFD, 0xFA, 0x50, 0xFF, 0xC4, 0x2B, 0x01, 0x52, 0xFA, 0xFF,
0x32, 0x00, 0x00, 0x00, 0xFF, 0xFF, 0x06, 0x00, 0x00, 0x00, 0xFF, 0xFF, 0x00, 0x00, 0x00, 0x00,
0xFF, 0xFF, 0x00, 0x00, 0x00, 0x00, 0xFF, 0xFF, 0x00, 0x00, 0x00, 0x00, 0xFF, 0xFF, 0x00, 0x00,
0x00, 0x00, 0xFF, 0xFF, 0x00, 0x00, 0x00, 0x00, 0xFF, 0x00, 0x47, 0xCC, 0xF6, 0xD4, 0x4C, 0x00,
0x48, 0xEA, 0x4C, 0x0E, 0x4E, 0xEA, 0x32, 0xC5, 0x66, 0x00, 0x00, 0x00, 0x68, 0xAF, 0xF7, 0x1C,
0x00, 0x00, 0x00, 0x1D, 0xE1, 0xFD, 0x07, 0x00, 0x00, 0x00, 0x07, 0xF9, 0xED, 0x1D, 0x00, 0x00,
0x00, 0x1F, 0xEA, 0xB6, 0x66, 0x00, 0x00, 0x00, 0x6A, 0xB5, 0x42, 0xEA, 0x4C, 0x0E, 0x4D, 0xEB,
0x41, 0x00, 0x52, 0xD6, 0xF8, 0xD1, 0x4E, 0x00, 0xFF, 0x51, 0xDA, 0xF7, 0xCB, 0x42, 0x00, 0xFF,
0xF1, 0x5C, 0x0F, 0x4D, 0xE7, 0x32, 0xFF, 0x77, 0x00, 0x00, 0x00, 0x68, 0xAB, 0xFF, 0x22, 0x00,
0x00, 0x00, 0x1E, 0xE8, 0xFF, 0x07, 0x00, 0x00, 0x00, 0x08, 0xF9, 0xFF, 0x1B, 0x00, 0x00, 0x00,
0x20, 0xE2, 0xFF, 0x61, 0x00, 0x00, 0x00, 0x6D, 0x9C, 0xFF, 0xE9, 0x48, 0x0E, 0x51, 0xE1, 0x21,
0xFF, 0x70, 0xDB, 0xF4, 0xB9, 0x2D, 0x00, 0xFF, 0x00, 0x00, 0x00, 0x00, 0x00, 0x00, 0xFF, 0x00,
0x00, 0x00, 0x00, 0x00, 0x00, 0xFF, 0x00, 0x00, 0x00, 0x00, 0x00, 0x00, 0xFF, 0x51, 0xDA, 0xF7,
0xCB, 0x42, 0x00, 0xFF, 0xF1, 0x5C, 0x0F, 0x4D, 0xE7, 0x32, 0xFF, 0x77, 0x00, 0x00, 0x00, 0x68,
0xAB, 0xFF, 0x22, 0x00, 0x00, 0x00, 0x1E, 0xE8, 0xFF, 0x07, 0x00, 0x00, 0x00, 0x08, 0xF9, 0xFF,
0x1B, 0x00, 0x00, 0x00, 0x20, 0xE2, 0xFF, 0x61, 0x00, 0x00, 0x00, 0x6D, 0x9C, 0xFF, 0xE9, 0x48,
0x0E, 0x51, 0xE1, 0x21, 0xFF, 0x70, 0xDB, 0xF4, 0xB9, 0x2D, 0x00, 0xFF, 0x00, 0x00, 0x00, 0x00,
0x00, 0x00, 0xFF, 0x00, 0x00, 0x00, 0x00, 0x00, 0x00, 0xFF, 0x00, 0x00, 0x00, 0x00, 0x00, 0x00,
0x00, 0x48, 0xCC, 0xF7, 0xD6, 0x4C, 0xFF, 0x37, 0xE7, 0x49, 0x0F, 0x5C, 0xF0, 0xFF, 0xAF, 0x64,
0x00, 0x00, 0x00, 0x79, 0xFF, 0xEA, 0x1C, 0x00, 0x00, 0x00, 0x23, 0xFF, 0xFB, 0x07, 0x00, 0x00,
0x00, 0x08, 0xFF, 0xE7, 0x1F, 0x00, 0x00, 0x00, 0x1C, 0xFF, 0xA2, 0x6D, 0x00, 0x00, 0x00, 0x63,
0xFF, 0x24, 0xE1, 0x54, 0x0E, 0x49, 0xEB, 0xFF, 0x00, 0x2E, 0xBD, 0xF8, 0xE3, 0x75, 0xFF, 0x00,
0x00, 0x00, 0x00, 0x00, 0x00, 0xFF, 0x00, 0x00, 0x00, 0x00, 0x00, 0x00, 0xFF, 0x00, 0x00, 0x00,
0x00, 0x00, 0x00, 0xFF, 0xFF, 0x4B, 0xEB, 0xC3, 0xFF, 0xAE, 0x0E, 0x30, 0xFF, 0x37, 0x00, 0x00,
0xFF, 0x12, 0x00, 0x00, 0xFF, 0x00, 0x00, 0x00, 0xFF, 0x00, 0x00, 0x00, 0xFF, 0x00, 0x00, 0x00,
0xFF, 0x00, 0x00, 0x00, 0xFF, 0x00, 0x00, 0x00, 0x51, 0xFA, 0xFF, 0xE7, 0xB5, 0x2C, 0xFA, 0x50,
0x00, 0x0C, 0x69, 0xD4, 0xFE, 0x41, 0x00, 0x00, 0x00, 0x00, 0x95, 0xB6, 0x69, 0x3E, 0x07, 0x00,
0x0B, 0xAB, 0xE6, 0xFF, 0xF2, 0x2C, 0x00, 0x00, 0x00, 0x23, 0x6D, 0xDB, 0x00, 0x00, 0x00, 0x00,
0x01, 0xFF, 0xCD, 0x69, 0x0D, 0x00, 0x50, 0xFA, 0x26, 0xBA, 0xF1, 0xFF, 0xFA, 0x51, 0x00, 0x7B,
0x00, 0x00, 0x00, 0xFF, 0x00, 0x00, 0x00, 0xFF, 0x00, 0x00, 0xFF, 0xFF, 0xFF, 0xFF, 0x00, 0xFF,
0x00, 0x00, 0x00, 0xFF, 0x00, 0x00, 0x00, 0xFF, 0x00, 0x00, 0x00, 0xFF, 0x00, 0x00, 0x00, 0xFF,
0x00, 0x00, 0x00, 0xFD, 0x00, 0x00, 0x00, 0xEC, 0x31, 0x1F, 0x00, 0x6A, 0xF2, 0xF4, 0xFF, 0x00,
0x00, 0x00, 0x00, 0xFF, 0xFF, 0x00, 0x00, 0x00, 0x00, 0xFF, 0xFF, 0x00, 0x00, 0x00, 0x00, 0xFF,
0xFF, 0x00, 0x00, 0x00, 0x00, 0xFF, 0xFF, 0x00, 0x00, 0x00, 0x00, 0xFF, 0xFF, 0x00, 0x00, 0x00,
0x09, 0xFF, 0xFF, 0x00, 0x00, 0x00, 0x37, 0xFF, 0xFA, 0x51, 0x01, 0x2B, 0xC8, 0xFF, 0x52, 0xFA,
0xFD, 0xD8, 0x4C, 0xFF, 0x05, 0xE3, 0x15, 0x00, 0x00, 0x00, 0x07, 0xD4, 0x05, 0x00, 0x8C, 0x75,
0x00, 0x00, 0x00, 0x5C, 0x8D, 0x00, 0x00, 0x29, 0xDA, 0x01, 0x00, 0x00, 0xC6, 0x2C, 0x00, 0x00,
0x00, 0xC7, 0x42, 0x00, 0x30, 0xCA, 0x00, 0x00, 0x00, 0x00, 0x64, 0xA8, 0x00, 0x9B, 0x69, 0x00,
0x00, 0x00, 0x00, 0x0D, 0xEE, 0x1B, 0xED, 0x10, 0x00, 0x00, 0x00, 0x00, 0x00, 0x9F, 0x9F, 0xA6,
0x00, 0x00, 0x00, 0x00, 0x00, 0x00, 0x3C, 0xFD, 0x45, 0x00, 0x00, 0x00, 0x00, 0x00, 0x00, 0x00,
0xBB, 0x02, 0x00, 0x00, 0x00, 0xE5, 0x1A, 0x00, 0x00, 0x22, 0xFD, 0x1D, 0x00, 0x00, 0x1B, 0xE4,
0xB0, 0x4F, 0x00, 0x00, 0x7D, 0xED, 0x79, 0x00, 0x00, 0x52, 0xAE, 0x7B, 0x84, 0x00, 0x00, 0xD8,
0x55, 0xD8, 0x00, 0x00, 0x88, 0x78, 0x46, 0xBA, 0x00, 0x34, 0xCF, 0x00, 0xD3, 0x36, 0x00, 0xBE,
0x42, 0x11, 0xED, 0x00, 0x8F, 0x75, 0x00, 0x7A, 0x95, 0x02, 0xEF, 0x0E, 0x00, 0xDB, 0x27, 0xE5,
0x1D, 0x00, 0x22, 0xEC, 0x30, 0xD5, 0x00, 0x00, 0xA6, 0x9E, 0xC1, 0x00, 0x00, 0x00, 0xC9, 0xAD,
0x9F, 0x00, 0x00, 0x70, 0xFE, 0x67, 0x00, 0x00, 0x00, 0x71, 0xFF, 0x69, 0x00, 0x00, 0x3B, 0xFA,
0x12, 0x00, 0x00, 0x00, 0x1A, 0xFD, 0x33, 0x00, 0xAB, 0x55, 0x00, 0x00, 0x00, 0x55, 0xAA, 0x15,
0xD5, 0x15, 0x00, 0x15, 0xD5, 0x15, 0x00, 0x55, 0xAB, 0x00, 0xAA, 0x55, 0x00, 0x00, 0x00, 0xAB,
0x9F, 0xAA, 0x00, 0x00, 0x00, 0x00, 0x2B, 0xFF, 0x2A, 0x00, 0x00, 0x00, 0x00, 0xAB, 0x9F, 0xAA,
0x00, 0x00, 0x00, 0x55, 0xAA, 0x00, 0xA8, 0x55, 0x00, 0x15, 0xD5, 0x15, 0x00, 0x14, 0xD4, 0x15,
0xAB, 0x55, 0x00, 0x00, 0x00, 0x55, 0xAA, 0x2F, 0xC7, 0x00, 0x00, 0x00, 0x00, 0x24, 0xD6, 0x00,
0xCD, 0x22, 0x00, 0x00, 0x00, 0x6D, 0x8B, 0x00, 0x6D, 0x7C, 0x00, 0x00, 0x00, 0xB6, 0x41, 0x00,
0x12, 0xCE, 0x00, 0x00, 0x08, 0xE8, 0x05, 0x00, 0x00, 0xAA, 0x2F, 0x00, 0x48, 0xAC, 0x00, 0x00,
0x00, 0x49, 0x93, 0x00, 0x9C, 0x61, 0x00, 0x00, 0x00, 0x02, 0xDE, 0x38, 0xF9, 0x18, 0x00, 0x00,
0x00, 0x00, 0x86, 0xE3, 0xCC, 0x00, 0x00, 0x00, 0x00, 0x00, 0x26, 0xFF, 0x82, 0x00, 0x00, 0x00,
0x00, 0x00, 0x24, 0xFF, 0x2A, 0x00, 0x00, 0x00, 0x00, 0x0E, 0x76, 0x94, 0x00, 0x00, 0x00, 0x00,
0x00, 0xF3, 0xBF, 0x09, 0x00, 0x00, 0x00, 0xFF, 0xFF, 0xFF, 0xFF, 0xFF, 0xFF, 0xB3, 0x00, 0x00,
0x00, 0x00, 0x00, 0x75, 0x1E, 0x00, 0x00, 0x00, 0x00, 0x46, 0x68, 0x00, 0x00, 0x00, 0x00, 0x1C,
0xAD, 0x01, 0x00, 0x00, 0x00, 0x04, 0xBC, 0x25, 0x00, 0x00, 0x00, 0x00, 0x8D, 0x75, 0x00, 0x00,
0x00, 0x00, 0x50, 0xB5, 0x03, 0x00, 0x00, 0x00, 0x22, 0x8A, 0x04, 0x00, 0x00, 0x00, 0x00, 0xBB,
0xFF, 0xFF, 0xFF, 0xFF, 0xFF, 0xFF, 0x00, 0x00, 0x42, 0xDE, 0xFE, 0x00, 0x00, 0xDA, 0x53, 0x05,
0x00, 0x00, 0xFF, 0x05, 0x00, 0x00, 0x00, 0xFD, 0x00, 0x00, 0x00, 0x01, 0xF8, 0x00, 0x00, 0x00,
0x04, 0xE1, 0x00, 0x00, 0x12, 0x7E, 0x91, 0x00, 0x00, 0xFF, 0xE5, 0x0F, 0x00, 0x00, 0x13, 0x82,
0x8E, 0x00, 0x00, 0x00, 0x04, 0xDE, 0x00, 0x00, 0x00, 0x01, 0xF6, 0x00, 0x00, 0x00, 0x00, 0xFE,
0x00, 0x00, 0x00, 0x00, 0xF7, 0x00, 0x00, 0x00, 0x00, 0xCA, 0x46, 0x04, 0x00, 0x00, 0x39, 0xDA,
0xFE, 0xFF, 0xFF, 0xFF, 0xFF, 0xFF, 0xFF, 0xFF, 0xFF, 0xFF, 0xFF, 0xFF, 0xFF, 0xFF, 0xFF, 0xFF,
0xFE, 0xDA, 0x36, 0x00, 0x00, 0x04, 0x45, 0xC5, 0x00, 0x00, 0x00, 0x00, 0xF4, 0x00, 0x00, 0x00,
0x00, 0xFD, 0x00, 0x00, 0x00, 0x00, 0xF8, 0x00, 0x00, 0x00, 0x00, 0xE0, 0x04, 0x00, 0x00, 0x00,
0x8E, 0x7F, 0x12, 0x00, 0x00, 0x10, 0xE5, 0xFF, 0x00, 0x00, 0x9B, 0x82, 0x13, 0x00, 0x00, 0xF0,
0x04, 0x00, 0x00, 0x00, 0xFF, 0x00, 0x00, 0x00, 0x00, 0xFF, 0x00, 0x00, 0x00, 0x05, 0xFF, 0x00,
0x00, 0x05, 0x53, 0xD8, 0x00, 0x00, 0xFE, 0xDC, 0x40, 0x00, 0x00, 0x64, 0xDC, 0xF2, 0xBF, 0x64,
0x13, 0x1A, 0xA0, 0x9A, 0x1E, 0x13, 0x61, 0xC2, 0xF6, 0xDD, 0x6A, 0x49, 0xE3, 0xE3, 0x47, 0xE4,
0x3C, 0x3C, 0xE3, 0xE4, 0x3A, 0x3A, 0xE3, 0x4B, 0xE4, 0xE4, 0x49, 0xFF, 0xFF, 0xFF, 0xFF, 0xFF,
0xFF, 0x00, 0x6B, 0x8B, 0x33, 0x00, 0x00, 0x15, 0x5B, 0x79, 0x57, 0x10, 0x00, 0x00, 0x1A, 0x80,
0x01, 0x97, 0x00, 0x52, 0xC6, 0x51, 0x29, 0x39, 0x84, 0x69, 0x50, 0x05, 0xA0, 0x7B, 0x5D, 0x2E,
0xD7, 0x10, 0x00, 0x00, 0x00, 0x00, 0x61, 0xAD, 0x00, 0x01, 0x0C, 0x00, 0xB5, 0x69, 0x00, 0x00,
0x00, 0x00, 0x00, 0x01, 0x93, 0x00, 0x00, 0x00, 0x0B, 0xFB, 0x14, 0x00, 0x00, 0x00, 0x00, 0x00,
0x00, 0x60, 0x00, 0x00, 0x00, 0x2B, 0xF8, 0x00, 0x00, 0x00, 0x00, 0x00, 0x00, 0x00, 0x00, 0x00,
0x00, 0x00, 0x2B, 0xF2, 0x00, 0x00, 0x00, 0x00, 0x00, 0x00, 0x00, 0x00, 0x00, 0x00, 0x00, 0x09,
0xFD, 0x0E, 0x00, 0x00, 0x00, 0x00, 0x00, 0x00, 0x00, 0x00, 0x00, 0x00, 0x00, 0xD6, 0x48, 0x00,
0x00, 0x00, 0x00, 0x00, 0x00, 0x00, 0x00, 0x00, 0x00, 0x00, 0x65, 0xB8, 0x00, 0x00, 0x00, 0x00,
0x00, 0x13, 0x56, 0x00, 0x00, 0x00, 0x00, 0x04, 0xC1, 0x85, 0x06, 0x00, 0x02, 0x4A, 0x8E, 0x08,
0x00, 0x00, 0x00, 0x00, 0x00, 0x08, 0x80, 0xC9, 0xB6, 0xAC, 0x5E, 0x01, 0x00, 0x00, 0x00, 0x53,
0x60, 0x60, 0x60, 0x60, 0x60, 0x60, 0x60, 0x60, 0x60, 0x6C, 0xCF, 0x39, 0x00, 0x00, 0x00, 0x18,
0x10, 0x00, 0x00, 0xA0, 0x40, 0x00, 0x80, 0x60, 0x00, 0x05, 0x00, 0x00, 0x00, 0x00, 0x00, 0x26,
0x6E, 0x00, 0x00, 0xA0, 0x40, 0x00, 0x80, 0x60, 0x00, 0xB8, 0x31, 0x00, 0x00, 0x00, 0x00, 0x00,
0x9D, 0x8A, 0x00, 0xA0, 0x40, 0x00, 0x80, 0x60, 0x51, 0xC2, 0x1E, 0x00, 0x00, 0x00, 0x00, 0x00,
0x2D, 0xFA, 0x03, 0xA0, 0x40, 0x00, 0x80, 0x71, 0xA2, 0x08, 0x00, 0x00, 0x00, 0x00, 0x00, 0x00,
0x00, 0x83, 0x00, 0xA0, 0x40, 0x00, 0x80, 0xB3, 0x0C, 0x00, 0x0C, 0x0C, 0x00, 0x00, 0x00, 0x81,
0x66, 0x60, 0x60, 0xC4, 0x88, 0x60, 0xB0, 0x9C, 0x60, 0x60, 0xC4, 0xC2, 0x0C, 0x00, 0x00, 0xAC,
0x4B, 0x00, 0x00, 0x00, 0x00, 0x00, 0x00, 0x00, 0x00, 0x00, 0x00, 0x00, 0x00, 0x00, 0x00, 0xAA,
0x44, 0x00, 0x00, 0x00, 0x00, 0x00, 0x00, 0x00, 0x00, 0x00, 0x00, 0x00, 0x00, 0x00, 0x00, 0xB8,
0x38, 0x00, 0x00, 0x00, 0x00, 0x00, 0x00, 0x00, 0x00, 0x00, 0x00, 0x00, 0x00, 0x00, 0x00, 0xC9,
0x11, 0x00, 0x00, 0x00, 0x00, 0x00, 0x00, 0x00, 0x00, 0x00, 0x00, 0x00, 0x00, 0x00, 0x03, 0xD1,
0x00, 0x00, 0x00, 0x00, 0x00, 0x00, 0x00, 0x00, 0x00, 0x00, 0x00, 0x00, 0x00, 0x00, 0x33, 0x7E,
0x00, 0x00, 0x00, 0x00, 0x00, 0x00, 0x00, 0x00, 0x00, 0x00, 0x00, 0x00, 0x00, 0x00, 0x81, 0x14,
0x00, 0x00, 0x00, 0x00, 0x00, 0x00, 0x00, 0x00, 0x00, 0x00, 0x00, 0x00, 0x00, 0x1C, 0x3E, 0x00,
0x00, 0x00, 0x00, 0x00, 0x00, 0x00, 0x00, 0x00, 0x00, 0x00, 0x00, 0x00, 0x00, 0x00, 0x00, 0x00,
0x00, 0x00, 0x90, 0x5C, 0x00, 0x00, 0x00, 0x00, 0x00, 0x00, 0x00, 0x00, 0x00, 0x00, 0x00, 0xA4,
0x53, 0x00, 0x00, 0x00, 0x00, 0x00, 0x00, 0x00, 0x00, 0x00, 0x00, 0x00, 0xA1, 0x50, 0x00, 0x00,
0x00, 0x00, 0x03, 0x00, 0x94, 0x60, 0x60, 0x60, 0x60, 0xC4, 0x92, 0x60, 0x60, 0x60, 0x72, 0xD3,
0x0E, 0xD6, 0x10, 0x00, 0x00, 0x00, 0xA0, 0x50, 0x00, 0x00, 0x00, 0x30, 0xB7, 0x00, 0xD3, 0x10,
0x00, 0x00, 0x00, 0xA0, 0x50, 0x00, 0x00, 0x00, 0x30, 0xB0, 0x00, 0xD0, 0x10, 0x00, 0x00, 0x00,
0xA0, 0x50, 0x00, 0x00, 0x00, 0x30, 0xB0, 0x00, 0xD1, 0x10, 0x00, 0x00, 0x00, 0xA0, 0x50, 0x00,
0x00, 0x00, 0x30, 0xB0, 0x00, 0xD3, 0x6A, 0x60, 0x60, 0x60, 0xC4, 0x92, 0x60, 0x60, 0x60, 0x7E,
0xB3, 0x00, 0xCD, 0x0C, 0x00, 0x00, 0x00, 0xA1, 0x4F, 0x00, 0x00, 0x00, 0x30, 0xA8, 0x00, 0x0E,
0x00, 0x00, 0x00, 0x00, 0xA1, 0x50, 0x00, 0x00, 0x00, 0x04, 0x00, 0x00, 0x00, 0x00, 0x00, 0x00,
0x00, 0xA1, 0x51, 0x00, 0x00, 0x00, 0x00, 0x00, 0x00, 0x00, 0x00, 0x00, 0x00, 0x00, 0xA3, 0x53,
0x00, 0x00, 0x00, 0x00, 0x00, 0x00, 0x00, 0x00, 0x00, 0x00, 0x00, 0xA7, 0x57, 0x00, 0x00, 0x00,
0x00, 0x00, 0x00, 0x00, 0x00, 0x00, 0x00, 0x00, 0x8D, 0x33, 0x00, 0x00, 0x00, 0x00, 0x00, 0x00,
0x00, 0x00, 0x00, 0x00, 0x00, 0x11, 0x9B, 0x2C, 0x00, 0x00, 0x00, 0x00, 0x00, 0x00, 0x00, 0x00,
0x00, 0x00, 0x00, 0x00, 0x00, 0x47, 0xC7, 0x00, 0x00, 0x00, 0x00, 0x1F, 0x04, 0x00, 0x4E, 0x60,
0x60, 0x60, 0x60, 0x60, 0x60, 0x8C, 0x60, 0x60, 0x60, 0x64, 0xE7, 0xAA, 0x04, 0x16, 0x10, 0x00,
0x00, 0x00, 0x00, 0x00, 0x00, 0x00, 0x00, 0x00, 0x00, 0x00, 0x00, 0x00, 0x00, 0x00, 0x28, 0x93,
0x60, 0x60, 0x60, 0x60, 0x60, 0x60, 0xAC, 0x5E, 0x00, 0x00, 0x00, 0x00, 0x00, 0x28, 0xD0, 0x00,
0x00, 0x00, 0x00, 0x00, 0x00, 0xC0, 0x45, 0x00, 0x00, 0x00, 0x00, 0x00, 0x22, 0xD0, 0x00, 0x00,
0x00, 0x00, 0x00, 0x00, 0xC0, 0x30, 0x00, 0x00, 0x00, 0x00, 0x00, 0x23, 0xD0, 0x00, 0x00, 0x00,
0x00, 0x00, 0x00, 0xC0, 0x33, 0x00, 0x00, 0x00, 0x00, 0x00, 0x29, 0xE2, 0x60, 0x60, 0x60, 0x60,
0x60, 0x60, 0xD8, 0x39, 0x00, 0x00, 0x00, 0x00, 0x00, 0x26, 0x80, 0x00, 0x00, 0x70, 0x80, 0x00,
0x00, 0x54, 0x0C, 0x00, 0x00, 0x00, 0x00, 0x00, 0x00, 0x2A, 0x8D, 0x04, 0x70, 0x80, 0x00, 0x51,
0x21, 0x00, 0x00, 0x00, 0x00, 0x00, 0x00, 0x10, 0xCE, 0x6C, 0x09, 0x70, 0x80, 0x00, 0x03, 0xA2,
0x61, 0x00, 0x00, 0x00, 0x00, 0x12, 0xB1, 0x3A, 0x00, 0x00, 0x70, 0x80, 0x00, 0x00, 0x0A, 0xD4,
0x79, 0x00, 0x00, 0x25, 0x82, 0x18, 0x00, 0x52, 0x72, 0xC5, 0x7B, 0x00, 0x00, 0x00, 0x3E, 0xC8,
0x00, 0x00, 0x36, 0x00, 0x00, 0x00, 0x00, 0x48, 0xD2, 0x23, 0x00, 0x00, 0x00, 0x00, 0x16, 0x00,
0x00, 0x00, 0x00, 0x00, 0x00, 0xAC, 0x40, 0x00, 0x00, 0x95, 0x30, 0x06, 0x00, 0x00, 0x00, 0x00,
0x00, 0x00, 0x00, 0x00, 0x22, 0xF4, 0x26, 0x00, 0x00, 0xD7, 0x1B, 0x1A, 0xA7, 0x6F, 0x04, 0x00,
0x00, 0x00, 0x00, 0x00, 0x83, 0x7B, 0x00, 0x00, 0x00, 0xD1, 0x10, 0x00, 0x12, 0xDD, 0x4E, 0x00,
0x00, 0x00, 0x00, 0x08, 0xD4, 0x0A, 0x00, 0x00, 0x00, 0xD0, 0x10, 0x00, 0x00, 0x2E, 0x1E, 0x00,
0x00, 0x00, 0x00, 0x6A, 0xD8, 0x37, 0x5E, 0x60, 0x60, 0xE2, 0x6A, 0x60, 0x60, 0x78, 0xE2, 0x28,
0x00, 0x00, 0x09, 0xBF, 0xCA, 0x30, 0x1E, 0x0A, 0x00, 0xD9, 0x06, 0xD0, 0x00, 0x00, 0x00, 0x00,
0x00, 0x00, 0x75, 0x30, 0xC0, 0x20, 0x00, 0x00, 0x00, 0xE0, 0x00, 0xD0, 0x00, 0x00, 0x00, 0x00,
0x00, 0x26, 0x53, 0x00, 0xC0, 0x20, 0x00, 0x00, 0x0B, 0xD8, 0x00, 0xD0, 0x00, 0x00, 0x00, 0x00,
0x00, 0x07, 0x00, 0x00, 0xC0, 0x20, 0x00, 0x00, 0x37, 0xAD, 0x00, 0xD0, 0x00, 0x00, 0x00, 0x00,
0x00, 0x00, 0x00, 0x00, 0xC0, 0x20, 0x00, 0x00, 0x75, 0x71, 0x00, 0xD0, 0x00, 0x00, 0x00, 0x00,
0x00, 0x00, 0x00, 0x00, 0xC0, 0x20, 0x00, 0x00, 0xC5, 0x1C, 0x00, 0xD0, 0x00, 0x00, 0x00, 0x37,
0x00, 0x00, 0x00, 0x00, 0xC0, 0x20, 0x00, 0x3A, 0x9C, 0x00, 0x00, 0xD0, 0x00, 0x00, 0x00, 0x72,
0x00, 0x00, 0x00, 0x00, 0xC2, 0x21, 0x04, 0xAC, 0x17, 0x00, 0x00, 0xDF, 0x00, 0x00, 0x04, 0xB8,
0x01, 0x00, 0x00, 0x00, 0xC6, 0x27, 0x7A, 0x2F, 0x00, 0x00, 0x00, 0xB6, 0xD2, 0xC0, 0xD2, 0xCF,
0x14, 0x00, 0x00, 0x00, 0x87, 0x62, 0x25, 0x00, 0x00, 0x00, 0x00, 0x00, 0x00, 0x00, 0x00, 0x00,
0x00, 0x00, 0x00, 0x00, 0x00, 0x00, 0x00, 0x00, 0x09, 0x00, 0x00, 0x00, 0x00, 0x6C, 0x6B, 0x30,
0x60, 0x60, 0x60, 0x60, 0x60, 0x71, 0xE5, 0x31, 0x00, 0x00, 0x00, 0x72, 0x61, 0x0A, 0x1D, 0x02,
0x48, 0xCF, 0x13, 0x00, 0x00, 0x00, 0x36, 0x16, 0x00, 0x70, 0x60, 0x00, 0x00, 0x0D, 0xBC, 0x2C,
0x2C, 0x0E, 0x00, 0x00, 0x7A, 0x92, 0x00, 0x70, 0x60, 0x00, 0x05, 0x83, 0x1A, 0x00, 0x07, 0xA3,
0x38, 0x00, 0x74, 0x60, 0x00, 0x70, 0x60, 0x1A, 0xD1, 0x9F, 0x86, 0x83, 0x66, 0x6C, 0xEE, 0x32,
0x73, 0x60, 0x00, 0x70, 0x60, 0x00, 0x54, 0x1B, 0x10, 0xE5, 0x10, 0x00, 0x7E, 0x39, 0x70, 0x60,
0x00, 0x70, 0x60, 0x00, 0x00, 0x00, 0x10, 0xD0, 0x00, 0x00, 0x04, 0x00, 0x71, 0x60, 0x00, 0x70,
0x60, 0x30, 0x60, 0x60, 0x6A, 0xE2, 0x60, 0x7F, 0xCB, 0x11, 0x73, 0x60, 0x00, 0x70, 0x60, 0x07,
0x06, 0x00, 0x10, 0xD0, 0x00, 0x00, 0x00, 0x00, 0x75, 0x60, 0x00, 0x70, 0x60, 0x00, 0x00, 0x00,
0x10, 0xD0, 0x00, 0x00, 0x00, 0x00, 0x7A, 0x67, 0x00, 0x70, 0x60, 0x00, 0x00, 0x00, 0x10, 0xD0,
0x21, 0x52, 0x62, 0x23, 0x3A, 0x1E, 0x00, 0x70, 0x60, 0x46, 0x71, 0x97, 0xB2, 0xAC, 0x65, 0x20,
0x00, 0x00, 0x00, 0x00, 0x00, 0x71, 0x5F, 0x81, 0xA0, 0x45, 0x05, 0x00, 0x00, 0x00, 0x00, 0x00,
0x05, 0x75, 0xA1, 0xDA, 0x4E, 0x00, 0x00, 0x00, 0x00, 0x00, 0x00, 0x00, 0x00, 0x00, 0x00, 0x00,
0x4D, 0xB9, 0x08, 0x00, 0x00, 0x00, 0x00, 0x00, 0x87, 0x6B, 0x00, 0x00, 0xB1, 0x23, 0x00, 0x00,
0x00, 0x00, 0x00, 0x00, 0x00, 0x00, 0x00, 0x00, 0x96, 0x53, 0x00, 0x00, 0xEC, 0x03, 0x00, 0x00,
0x00, 0x00, 0x00, 0x00, 0x00, 0x00, 0x00, 0x00, 0x93, 0x50, 0x00, 0x00, 0xE5, 0x00, 0x00, 0x00,
0x00, 0x00, 0x00, 0x00, 0x00, 0x00, 0x00, 0x00, 0x91, 0x50, 0x00, 0x00, 0xE0, 0x00, 0x00, 0x07,
0x97, 0x25, 0x00, 0x00, 0x48, 0x60, 0x60, 0x60, 0xBA, 0x50, 0x00, 0x00, 0xE0, 0x00, 0x16, 0xBA,
0xA9, 0x38, 0x00, 0x00, 0x0A, 0x00, 0x00, 0x00, 0x90, 0x50, 0x00, 0x00, 0xE1, 0x5D, 0x7F, 0x1F,
0x00, 0x00, 0x00, 0x00, 0x00, 0x00, 0x00, 0x00, 0x90, 0x50, 0x00, 0x00, 0xE4, 0x0F, 0x00, 0x00,
0x00, 0x00, 0x00, 0x00, 0x00, 0x00, 0x00, 0x00, 0x90, 0x50, 0x00, 0x00, 0xE0, 0x00, 0x00, 0x00,
0x00, 0x00, 0x00, 0x00, 0x00, 0x00, 0x00, 0x00, 0x90, 0x50, 0x00, 0x00, 0xE0, 0x00, 0x00, 0x00,
0x00, 0x0F, 0x00, 0x00, 0x00, 0x00, 0x00, 0x00, 0x90, 0x50, 0x00, 0x00, 0xE0, 0x00, 0x00, 0x00,
0x0C, 0x57, 0x00, 0x00, 0x00, 0x0E, 0x51, 0x6F, 0xB5, 0x50, 0x00, 0x00, 0xE0, 0x00, 0x00, 0x00,
0x1E, 0x69, 0x00, 0x03, 0xB5, 0xCC, 0x4D, 0x00, 0x93, 0x52, 0x00, 0x00, 0xE7, 0x07, 0x00, 0x00,
0x43, 0xB4, 0x03, 0x00, 0x2A, 0x03, 0x00, 0x00, 0x96, 0x57, 0x00, 0x00, 0xA5, 0xE2, 0xD0, 0xD0,
0xE8, 0x9F, 0x04, 0x00, 0x00, 0x00, 0x00, 0x00, 0x8A, 0x41, 0x00, 0x00, 0x00, 0x00, 0x00, 0x00,
0x00, 0x00, 0x00, 0x00, 0x00, 0x28, 0x8F, 0x60, 0x60, 0x60, 0x60, 0x60, 0x60, 0x60, 0x60, 0x7A,
0xCD, 0x2E, 0x00, 0x00, 0x00, 0x23, 0xC0, 0x00, 0x00, 0x00, 0x00, 0x00, 0x00, 0x00, 0x00, 0x00,
0x00, 0x00, 0x00, 0x00, 0x00, 0x20, 0xC0, 0x00, 0x00, 0x00, 0x00, 0x79, 0x23, 0x00, 0x00, 0x00,
0x00, 0x00, 0x00, 0x00, 0x00, 0x20, 0xC0, 0x00, 0x00, 0x00, 0x00, 0xC3, 0x34, 0x00, 0x00, 0x00,
0x00, 0x00, 0x00, 0x00, 0x00, 0x20, 0xC0, 0x00, 0x00, 0x00, 0x00, 0xC0, 0x20, 0x00, 0x00, 0x00,
0x00, 0x00, 0x00, 0x00, 0x00, 0x20, 0xBF, 0x00, 0x00, 0x00, 0x00, 0xC0, 0x20, 0x00, 0x00, 0x09,
0x00, 0x00, 0x00, 0x00, 0x00, 0x21, 0xBD, 0x12, 0x60, 0x60, 0x60, 0xD8, 0x74, 0x60, 0x61, 0xDD,
0x61, 0x00, 0x00, 0x00, 0x00, 0x28, 0xB6, 0x00, 0x21, 0x07, 0x00, 0xC0, 0x20, 0x00, 0x00, 0x00,
0x00, 0x00, 0x00, 0x00, 0x00, 0x3C, 0x9F, 0x00, 0x00, 0x00, 0x00, 0xC0, 0x20, 0x46, 0x2C, 0x00,
0x00, 0x00, 0x00, 0x00, 0x00, 0x62, 0x72, 0x00, 0x00, 0x00, 0x00, 0xC0, 0x20, 0x03, 0xBD, 0x5E,
0x00, 0x00, 0x00, 0x00, 0x00, 0xA2, 0x28, 0x00, 0x00, 0x00, 0x00, 0xC0, 0x20, 0x00, 0x28, 0xF8,
0x0B, 0x00, 0x00, 0x00, 0x12, 0xA1, 0x00, 0x00, 0x00, 0x00, 0x00, 0xC0, 0x20, 0x00, 0x00, 0x4B,
0x07, 0x07, 0x00, 0x00, 0x74, 0x2C, 0x5E, 0x60, 0x60, 0x60, 0x60, 0xD8, 0x74, 0x60, 0x60, 0x60,
0xBA, 0xB7, 0x07, 0x1B, 0x44, 0x00, 0x1E, 0x0A, 0x00, 0x00, 0x00, 0x00, 0x00, 0x00, 0x00, 0x00,
0x00, 0x00, 0x00, 0x00, 0x00, 0x00, 0x00, 0x6F, 0x41, 0x00, 0x00, 0x00, 0x00, 0x81, 0x72, 0x00,
0x00, 0x00, 0x00, 0x00, 0x00, 0x00, 0x00, 0x0B, 0xD6, 0x24, 0x00, 0x00, 0x10, 0xB5, 0x12, 0x00,
0x19, 0x00, 0x00, 0x00, 0x08, 0x5E, 0x60, 0x60, 0x82, 0x64, 0x60, 0x60, 0x9F, 0x6F, 0x60, 0x71,
0xF5, 0x61, 0x00, 0x00, 0x00, 0x0F, 0x00, 0x00, 0x00, 0x05, 0xE7, 0x00, 0x00, 0x00, 0x00, 0x00,
0x00, 0x00, 0x00, 0x00, 0x00, 0x00, 0x00, 0x00, 0x00, 0x27, 0xC2, 0x00, 0x00, 0x00, 0x00, 0x09,
0x00, 0x00, 0x00, 0x00, 0x00, 0x18, 0x60, 0x60, 0x60, 0x8B, 0xC2, 0x60, 0x60, 0x60, 0x71, 0xE5,
0x31, 0x00, 0x00, 0x00, 0x00, 0x00, 0x0E, 0x00, 0x00, 0x97, 0x49, 0x00, 0x00, 0x00, 0x00, 0x00,
0x23, 0x00, 0x00, 0x00, 0x4E, 0x60, 0x60, 0x60, 0x61, 0xE9, 0x61, 0x60, 0x60, 0x60, 0x60, 0x6C,
0xF3, 0x8E, 0x00, 0x00, 0x0D, 0x02, 0x00, 0x00, 0x7F, 0x5C, 0x00, 0x00, 0x00, 0x00, 0x00, 0x04,
0x00, 0x00, 0x00, 0x00, 0x00, 0x00, 0x00, 0x2A, 0xD6, 0x60, 0x60, 0x60, 0x60, 0x60, 0x71, 0xD7,
0x1F, 0x00, 0x00, 0x00, 0x00, 0x00, 0x10, 0xAC, 0x14, 0x07, 0x00, 0x40, 0xA0, 0x00, 0x00, 0x00,
0x00, 0x00, 0x00, 0x00, 0x00, 0x10, 0x95, 0x19, 0x00, 0x00, 0x00, 0x40, 0xA0, 0x00, 0x00, 0x00,
0x00, 0x00, 0x00, 0x00, 0x24, 0x77, 0x0A, 0x00, 0x00, 0x00, 0x00, 0x40, 0xA0, 0x00, 0x00, 0x00,
0x0E, 0x01, 0x00, 0x0C, 0x3B, 0x00, 0x48, 0x60, 0x60, 0x60, 0x60, 0x88, 0xC4, 0x60, 0x60, 0x60,
0xCE, 0x9D, 0x01, 0x00, 0x00, 0x00, 0x14, 0x15, 0x00, 0x00, 0x00, 0x00, 0x00, 0x00, 0x00, 0x00,
0x00, 0x00, 0x00, 0x00, 0x00, 0x1D, 0x36, 0x00, 0x00, 0x6A, 0x62, 0x00, 0x02, 0x69, 0x00, 0x00,
0x00, 0x00, 0x00, 0x00, 0x00, 0xAB, 0x67, 0x00, 0x74, 0x60, 0x00, 0x52, 0xC2, 0x12, 0x00, 0x00,
0x00, 0x00, 0x04, 0x00, 0x2A, 0xDE, 0x00, 0x71, 0x60, 0x09, 0x98, 0x07, 0x00, 0x00, 0x00, 0x00,
0x00, 0x85, 0x60, 0x60, 0x88, 0x60, 0xA6, 0x9C, 0x87, 0x6A, 0x60, 0x60, 0x96, 0x8E, 0x00, 0x20,
0x96, 0x00, 0x00, 0x00, 0x00, 0x00, 0x00, 0x00, 0x00, 0x00, 0x00, 0xA7, 0x51, 0x02, 0xBC, 0x56,
0x00, 0x3B, 0x77, 0x60, 0x60, 0x60, 0x60, 0x91, 0x58, 0x0D, 0x3A, 0x00, 0x00, 0x01, 0x00, 0x00,
0x44, 0x90, 0x00, 0x00, 0x00, 0x00, 0x90, 0x44, 0x00, 0x00, 0x00, 0x00, 0x00, 0x00, 0x00, 0x45,
0xBA, 0x60, 0x60, 0x60, 0x60, 0xBA, 0x45, 0x00, 0x00, 0x00, 0x00, 0x00, 0x00, 0x00, 0x36, 0x53,
0x00, 0x70, 0x60, 0x00, 0x42, 0x18, 0x00, 0x00, 0x00, 0x00, 0x00, 0x00, 0x88, 0x60, 0x60, 0x60,
0xA6, 0x9C, 0x60, 0x60, 0x61, 0xAE, 0x10, 0x00, 0x00, 0x00, 0x00, 0xD7, 0x10, 0x00, 0x00, 0x71,
0x5F, 0x00, 0x00, 0x00, 0xDB, 0x05, 0x00, 0x00, 0x00, 0x00, 0xD1, 0x10, 0x00, 0x00, 0x71, 0x60,
0x00, 0x00, 0x00, 0xD0, 0x00, 0x00, 0x00, 0x00, 0x00, 0xD6, 0x10, 0x00, 0x00, 0x73, 0x62, 0x02,
0x4F, 0x37, 0xCE, 0x00, 0x00, 0x00, 0x00, 0x00, 0xC8, 0x0C, 0x00, 0x00, 0x76, 0x66, 0x00, 0x1D,
0xD4, 0x7C, 0x00, 0x00, 0x00, 0x00, 0x00, 0x01, 0x00, 0x00, 0x00, 0x71, 0x52, 0x00, 0x00, 0x0A,
0x00, 0x00, 0x00, 0x00, 0x00, 0x00, 0x00, 0x00, 0x00, 0x00, 0x00, 0x69, 0x5B, 0x00, 0x00, 0x00,
0x00, 0x00, 0x00, 0x00, 0x00, 0x00, 0x00, 0x00, 0x00, 0x00, 0x00, 0x08, 0xE7, 0x33, 0x00, 0x00,
0x00, 0x10, 0x00, 0x00, 0x00, 0x00, 0x6F, 0x72, 0x60, 0x60, 0x8C, 0x63, 0xC2, 0x6C, 0x78, 0x70,
0x61, 0xE0, 0x80, 0x00, 0x00, 0x00, 0x7B, 0x70, 0x00, 0x00, 0x99, 0x63, 0x00, 0x00, 0x4A, 0xBA,
0x02, 0x09, 0x00, 0x00, 0x00, 0x00, 0x77, 0x89, 0x60, 0x60, 0xBB, 0x88, 0x60, 0x60, 0x89, 0xBA,
0x67, 0xE5, 0x47, 0x00, 0x00, 0x00, 0x78, 0x6E, 0x0D, 0x00, 0x91, 0x40, 0x00, 0x00, 0x40, 0x8F,
0x00, 0x00, 0x00, 0x00, 0x00, 0x00, 0x83, 0x66, 0x00, 0x00, 0x93, 0x40, 0x00, 0x00, 0x40, 0x91,
0x00, 0x00, 0x00, 0x00, 0x00, 0x00, 0x8E, 0x56, 0x00, 0x00, 0x97, 0x88, 0x60, 0x60, 0x88, 0x97,
0x00, 0x00, 0x00, 0x00, 0x00, 0x00, 0xA2, 0x3D, 0x08, 0x5E, 0xB7, 0x77, 0x60, 0x60, 0x80, 0xCB,
0x50, 0x00, 0x00, 0x00, 0x00, 0x00, 0xBE, 0x13, 0x00, 0x0B, 0x38, 0x32, 0x00, 0x00, 0x2B, 0xE5,
0x36, 0x00, 0x00, 0x00, 0x00, 0x00, 0xC1, 0x00, 0x00, 0x00, 0x00, 0x87, 0x24, 0x15, 0xD7, 0x4A,
0x00, 0x00, 0x00, 0x00, 0x00, 0x1E, 0x92, 0x00, 0x00, 0x00, 0x00, 0x0D, 0xC0, 0xD3, 0x6C, 0x00,
0x00, 0x00, 0x00, 0x00, 0x00, 0x61, 0x34, 0x00, 0x00, 0x00, 0x00, 0x2A, 0xCB, 0xEC, 0x5F, 0x06,
0x00, 0x00, 0x00, 0x00, 0x00, 0x80, 0x00, 0x00, 0x00, 0x26, 0x97, 0xAC, 0x38, 0x21, 0xB0, 0xEC,
0xA9, 0x77, 0x5C, 0x04, 0x33, 0x21, 0x19, 0x59, 0x72, 0x67, 0x19, 0x00, 0x00, 0x00, 0x00, 0x24,
0x79, 0xB6, 0x35, 0x00, 0x00, 0x00, 0x00, 0x6D, 0x72, 0x00, 0x00, 0x80, 0x66, 0x60, 0x60, 0x60,
0x87, 0x1C, 0x00, 0x00, 0x00, 0x00, 0x00, 0x75, 0x72, 0x00, 0x00, 0xA9, 0x40, 0x00, 0x00, 0x00,
0xE2, 0x0D, 0x00, 0x00, 0x00, 0x00, 0x00, 0x73, 0x70, 0x01, 0x00, 0xA4, 0x40, 0x00, 0x00, 0x00,
0xDF, 0x00, 0x00, 0x00, 0x1E, 0x60, 0x60, 0xA6, 0xA6, 0xA6, 0x80, 0xA0, 0x40, 0x01, 0x01, 0x14,
0xCF, 0x00, 0x00, 0x00, 0x02, 0x0B, 0x00, 0x70, 0x70, 0x00, 0x00, 0xA0, 0x40, 0x07, 0x76, 0xEF,
0x73, 0x00, 0x00, 0x00, 0x00, 0x00, 0x00, 0x70, 0x70, 0x00, 0x00, 0xA0, 0x40, 0x00, 0x00, 0x2C,
0x00, 0x00, 0x00, 0x00, 0x00, 0x00, 0x00, 0x70, 0x80, 0x63, 0x48, 0xA0, 0x88, 0x60, 0x60, 0x60,
0x7F, 0x7E, 0x00, 0x00, 0x00, 0x07, 0x54, 0xCB, 0xB6, 0x1A, 0x00, 0xA0, 0x40, 0x63, 0x00, 0x00,
0x9F, 0x60, 0x00, 0x00, 0x1E, 0xEC, 0x9A, 0x8A, 0x70, 0x00, 0x00, 0xA0, 0x40, 0x76, 0x0C, 0x0A,
0xD2, 0x03, 0x00, 0x00, 0x00, 0x23, 0x00, 0x70, 0x70, 0x00, 0x00, 0xA0, 0x40, 0x1F, 0x8D, 0x75,
0x6D, 0x00, 0x00, 0x00, 0x00, 0x00, 0x00, 0x70, 0x70, 0x00, 0x00, 0xA0, 0x40, 0x00, 0x84, 0xCE,
0x06, 0x00, 0x00, 0x00, 0x00, 0x00, 0x00, 0x70, 0x70, 0x00, 0x00, 0xA2, 0x40, 0x07, 0xB1, 0xBE,
0x59, 0x00, 0x00, 0x00, 0x00, 0x00, 0x00, 0x72, 0x70, 0x00, 0x00, 0xA4, 0x46, 0x95, 0x2E, 0x0A,
0xBD, 0xAE, 0x3A, 0x03, 0x00, 0x51, 0x84, 0xCE, 0x67, 0x00, 0x00, 0xA9, 0x9C, 0x18, 0x00, 0x00,
0x04, 0x87, 0x8B, 0x0E, 0x00, 0x00, 0x38, 0xC4, 0x12, 0x00, 0x00, 0x6A, 0x1B, 0x00, 0x00, 0x00,
0x00, 0x00, 0x00, 0x00, 0x00, 0x00, 0x00, 0x8C, 0x4E, 0x00, 0x00, 0x00, 0x61, 0x7D, 0x08, 0x15,
0x00, 0x00, 0x00, 0x00, 0x00, 0x00, 0x00, 0xA5, 0x45, 0x00, 0x00, 0x00, 0x7C, 0x88, 0x00, 0x93,
0x57, 0x00, 0x00, 0x00, 0x00, 0x00, 0x00, 0xA3, 0x40, 0x00, 0x00, 0x00, 0x8C, 0x62, 0x00, 0x13,
0xCD, 0x03, 0x00, 0x00, 0x0C, 0x5F, 0x60, 0xC4, 0x88, 0xBE, 0x4C, 0x60, 0xC0, 0x8D, 0x60, 0x60,
0x62, 0xD2, 0x4C, 0x00, 0x00, 0x0B, 0x00, 0xA0, 0x40, 0x00, 0x03, 0x07, 0xC7, 0x1A, 0x00, 0x00,
0x00, 0x00, 0x00, 0x00, 0x00, 0x00, 0x00, 0xA0, 0x40, 0x00, 0x00, 0x00, 0xE1, 0x00, 0x00, 0x00,
0x00, 0x00, 0x00, 0x00, 0x00, 0x00, 0x00, 0xA0, 0x45, 0x50, 0x2D, 0x1F, 0xDA, 0x60, 0x60, 0x60,
0x7F, 0x82, 0x00, 0x00, 0x00, 0x00, 0x32, 0xC9, 0xA1, 0x1E, 0x00, 0x60, 0x80, 0x51, 0x00, 0x00,
0xB0, 0x53, 0x00, 0x00, 0x1D, 0xE0, 0xB4, 0xBD, 0x40, 0x00, 0x00, 0xAE, 0x23, 0x72, 0x00, 0x13,
0xE0, 0x04, 0x00, 0x00, 0x00, 0x38, 0x00, 0xA0, 0x40, 0x00, 0x0E, 0xB2, 0x00, 0x6D, 0x36, 0x82,
0x7B, 0x00, 0x00, 0x00, 0x00, 0x00, 0x00, 0xA0, 0x40, 0x00, 0x77, 0x42, 0x00, 0x0F, 0xC4, 0xDD,
0x0D, 0x00, 0x00, 0x00, 0x00, 0x00, 0x00, 0xA0, 0x40, 0x08, 0x9A, 0x00, 0x00, 0x08, 0xD2, 0x98,
0x00, 0x00, 0x00, 0x00, 0x00, 0x00, 0x00, 0xA0, 0x40, 0x78, 0x1A, 0x00, 0x0F, 0xB4, 0x68, 0xC5,
0x7E, 0x02, 0x00, 0x00, 0x00, 0x3A, 0x7A, 0xD8, 0x66, 0x35, 0x00, 0x34, 0xA7, 0x2F, 0x00, 0x0E,
0xC2, 0xCB, 0x5E, 0x11, 0x00, 0x00, 0x46, 0xAD, 0x04, 0x0C, 0x61, 0x57, 0x02, 0x00, 0x00, 0x00,
0x03, 0x7C, 0x77, 0x0F, 0x00, 0x00, 0x00, 0x96, 0x3C, 0x00, 0x00, 0x00, 0x09, 0x7A, 0x09, 0x00,
0x00, 0x00, 0x00, 0x00, 0x00, 0x00, 0x00, 0xB4, 0x22, 0x00, 0x00, 0x00, 0x00, 0x60, 0x9D, 0x00,
0x00, 0x01, 0x00, 0x00, 0x00, 0x00, 0x00, 0xB1, 0x20, 0x01, 0x36, 0x60, 0x60, 0x66, 0x9B, 0x67,
0x61, 0xCD, 0x31, 0x00, 0x08, 0x5E, 0x60, 0xCE, 0x74, 0xCA, 0x49, 0x40, 0x45, 0x00, 0x00, 0x8C,
0x72, 0x00, 0x00, 0x00, 0x00, 0x0E, 0x00, 0xB0, 0x20, 0x00, 0x00, 0x00, 0xB8, 0x45, 0x03, 0xB9,
0x0A, 0x00, 0x03, 0x00, 0x00, 0x00, 0x00, 0xB0, 0x20, 0x2A, 0x60, 0x60, 0x8F, 0x73, 0x87, 0x88,
0x60, 0x9C, 0xAA, 0x04, 0x00, 0x00, 0x00, 0xB0, 0x22, 0x41, 0x05, 0x00, 0x0A, 0xCC, 0x1B, 0x00,
0x00, 0x00, 0x00, 0x00, 0x00, 0x00, 0x15, 0xCA, 0x8D, 0x15, 0x00, 0x00, 0x5C, 0xA6, 0x00, 0x00,
0x00, 0x00, 0x03, 0x00, 0x24, 0xAE, 0xC9, 0xD0, 0x28, 0x5E, 0x60, 0x60, 0xCE, 0x83, 0x60, 0x60,
0x60, 0x78, 0xCF, 0x12, 0x04, 0x70, 0x05, 0xB0, 0x20, 0x0B, 0x00, 0x37, 0xA0, 0x00, 0x00, 0x7C,
0x85, 0x00, 0x00, 0x00, 0x00, 0x00, 0x00, 0xB0, 0x20, 0x00, 0x00, 0xB4, 0x16, 0x00, 0x11, 0xDF,
0x16, 0x00, 0x00, 0x00, 0x00, 0x00, 0x00, 0xB0, 0x20, 0x00, 0x08, 0x6F, 0x99, 0xA9, 0xBF, 0x7B,
0x00, 0x00, 0x00, 0x00, 0x00, 0x00, 0x00, 0xB0, 0x20, 0x00, 0x00, 0x00, 0x00, 0x85, 0xDE, 0xDE,
0x7F, 0x0F, 0x00, 0x00, 0x00, 0x3F, 0x88, 0xE4, 0x15, 0x00, 0x00, 0x2F, 0xB1, 0x90, 0x0A, 0x15,
0x9F, 0xE5, 0x26, 0x00, 0x00, 0x00, 0x4D, 0x7F, 0x25, 0x60, 0x83, 0x7A, 0x1E, 0x00, 0x00, 0x00,
0x00, 0x74, 0x64, 0x00, 0x00, 0x00, 0x00, 0x00, 0x00, 0x00, 0x00, 0x7B, 0x7D, 0x00, 0x00, 0x00,
0x00, 0x00, 0x00, 0x00, 0x00, 0x00, 0x00, 0x00, 0x00, 0x00, 0x00, 0x85, 0x70, 0x00, 0x00, 0x04,
0x0B, 0x00, 0x00, 0x00, 0x00, 0x00, 0x08, 0x5E, 0x60, 0x60, 0x60, 0xB0, 0xA6, 0x60, 0x60, 0xB0,
0xC2, 0x0C, 0x00, 0x00, 0x00, 0x00, 0x00, 0x1E, 0x0A, 0x00, 0x00, 0x80, 0x70, 0x00, 0x00, 0x00,
0x00, 0x00, 0x00, 0x00, 0x00, 0x00, 0x00, 0x00, 0x00, 0x00, 0x00, 0x80, 0x70, 0x00, 0x00, 0x00,
0x00, 0x00, 0x00, 0x00, 0x00, 0x00, 0x00, 0x00, 0x00, 0x00, 0x00, 0x80, 0x70, 0x00, 0x00, 0x00,
0x00, 0x19, 0x00, 0x00, 0x00, 0x49, 0x6E, 0x60, 0x60, 0x60, 0x62, 0xB8, 0xA6, 0x60, 0x60, 0x60,
0x78, 0xF6, 0x54, 0x00, 0x00, 0x0A, 0x07, 0x00, 0x00, 0x00, 0x79, 0xFD, 0x83, 0x46, 0x00, 0x00,
0x00, 0x00, 0x00, 0x00, 0x00, 0x00, 0x00, 0x00, 0x00, 0x20, 0xDF, 0x99, 0x70, 0x85, 0x0A, 0x00,
0x00, 0x00, 0x00, 0x00, 0x00, 0x00, 0x00, 0x00, 0x08, 0xC6, 0x46, 0x81, 0x70, 0x25, 0xA6, 0x03,
0x00, 0x00, 0x00, 0x00, 0x00, 0x00, 0x00, 0x02, 0xA2, 0x58, 0x00, 0x82, 0x71, 0x00, 0x76, 0xA6,
0x0B, 0x00, 0x00, 0x00, 0x00, 0x00, 0x04, 0x97, 0x4E, 0x00, 0x00, 0x83, 0x73, 0x00, 0x00, 0x98,
0xDB, 0x4B, 0x02, 0x00, 0x00, 0x1C, 0x81, 0x23, 0x00, 0x00, 0x00, 0x86, 0x76, 0x00, 0x00, 0x02,
0x87, 0xFE, 0xB2, 0x0E, 0x04, 0x3E, 0x00, 0x00, 0x00, 0x00, 0x00, 0x89, 0x7A, 0x00, 0x00, 0x00,
0x00, 0x3A, 0x03, 0x00, 0x00, 0x00, 0x00, 0x00, 0x00, 0x00, 0x00, 0x78, 0x46, 0x00, 0x00, 0x00,
0x00, 0x00, 0x00, 0x00, 0x00, 0x00, 0x05, 0x86, 0x1C, 0x00, 0x00, 0x0D, 0xBF, 0x1B, 0x00, 0x00,
0x00, 0x00, 0x00, 0x00, 0x00, 0x00, 0x00, 0x46, 0xAF, 0x2D, 0x00, 0x08, 0xE4, 0x00, 0x00, 0x00,
0x00, 0x00, 0x00, 0x00, 0x00, 0x34, 0x60, 0x02, 0x3D, 0x5D, 0x34, 0x3D, 0xEA, 0x55, 0x69, 0xAC,
0x06, 0x00, 0x00, 0x00, 0x00, 0x00, 0xA1, 0x5A, 0x42, 0x27, 0x3A, 0x38, 0xCB, 0x0C, 0x23, 0xB5,
0x00, 0x00, 0x00, 0x00, 0x00, 0x00, 0x18, 0x2A, 0x87, 0x00, 0x00, 0x3F, 0x98, 0x00, 0x20, 0xB0,
0x00, 0x00, 0x08, 0x00, 0x00, 0x00, 0x00, 0x62, 0x60, 0x00, 0x00, 0x9E, 0x37, 0x00, 0x20, 0xB0,
0x00, 0x00, 0x54, 0x00, 0x00, 0x09, 0x7E, 0xFB, 0x11, 0x00, 0x2E, 0xA0, 0x00, 0x00, 0x1F, 0xB6,
0x00, 0x00, 0x9E, 0x03, 0x00, 0x00, 0x08, 0xDD, 0x00, 0x16, 0x9A, 0x2F, 0x23, 0x00, 0x09, 0xD2,
0xB9, 0xBF, 0xDF, 0x1D, 0x00, 0x00, 0x2D, 0xD0, 0x22, 0x5F, 0x05, 0x59, 0xBA, 0x02, 0x00, 0x00,
0x00, 0x10, 0x00, 0x00, 0x00, 0x4E, 0x60, 0x73, 0x61, 0x60, 0x60, 0x93, 0xBA, 0x60, 0x60, 0x60,
0x61, 0xE0, 0x80, 0x00, 0x00, 0x16, 0x13, 0x00, 0x00, 0x03, 0xBE, 0xA6, 0xA9, 0x60, 0x00, 0x00,
0x00, 0x00, 0x00, 0x00, 0x00, 0x00, 0x00, 0x00, 0x01, 0x97, 0x7D, 0x52, 0x90, 0x4F, 0x8D, 0x0B,
0x00, 0x00, 0x00, 0x00, 0x00, 0x00, 0x00, 0x0C, 0xA2, 0x67, 0x00, 0x53, 0x92, 0x00, 0x50, 0xD6,
0x82, 0x2F, 0x06, 0x00, 0x00, 0x00, 0x4B, 0x96, 0x2B, 0x00, 0x00, 0x58, 0x96, 0x00, 0x00, 0x1E,
0xAC, 0xFD, 0x96, 0x08, 0x04, 0x50, 0x29, 0x00, 0x00, 0x00, 0x00, 0x54, 0x67, 0x00, 0x00, 0x00,
0x00, 0x22, 0x00, 0x00, 0x00, 0x42, 0x60, 0x60, 0x60, 0x60, 0x60, 0x60, 0x60, 0x60, 0x60, 0x68,
0xD0, 0x55, 0x00, 0x12, 0x17, 0x00, 0x00, 0x00, 0x00, 0xE0, 0x00, 0x00, 0x00, 0x00, 0x00, 0x00,
0x00, 0x00, 0x00, 0x00, 0x00, 0x00, 0x00, 0xE0, 0x00, 0x00, 0x00, 0x00, 0x00, 0x00, 0x00, 0x00,
0x00, 0x00, 0x00, 0x00, 0x00, 0xE0, 0x00, 0x00, 0x00, 0x00, 0x00, 0x00, 0x00, 0x00, 0x07, 0x5A,
0x03, 0x00, 0x00, 0xE0, 0x00, 0x00, 0x00, 0x00, 0x00, 0x00, 0x00, 0x00, 0x02, 0xF0, 0x22, 0x00,
0x00, 0xE0, 0x00, 0x00, 0x00, 0x0F, 0x00, 0x00, 0x00, 0x00, 0x00, 0xE0, 0x00, 0x00, 0x00, 0xEC,
0x60, 0x60, 0x60, 0xD7, 0x8E, 0x00, 0x00, 0x00, 0x00, 0xE0, 0x00, 0x00, 0x00, 0xE0, 0x00, 0x00,
0x00, 0x00, 0x00, 0x00, 0x00, 0x00, 0x00, 0xE0, 0x00, 0x00, 0x00, 0xE0, 0x00, 0x00, 0x00, 0x00,
0x00, 0x00, 0x00, 0x00, 0x00, 0xE0, 0x00, 0x00, 0x00, 0xE0, 0x00, 0x00, 0x00, 0x00, 0x00, 0x00,
0x00, 0x00, 0x00, 0xE0, 0x00, 0x00, 0x00, 0xE0, 0x00, 0x00, 0x00, 0x00, 0x00, 0x00, 0x00, 0x00,
0x00, 0xE0, 0x00, 0x00, 0x00, 0xE0, 0x00, 0x00, 0x00, 0x00, 0x23, 0x00, 0x53, 0x60, 0x60, 0xEC,
0x60, 0x60, 0x60, 0xEC, 0x60, 0x60, 0x60, 0x6C, 0xF3, 0x8E, 0x18, 0x10, 0x00, 0x00, 0x00, 0x00,
0x00, 0x00, 0x00, 0x00, 0x00, 0x00, 0x00, 0x00, 0x00, 0x00, 0x00, 0x00, 0xA7, 0x49, 0x00, 0x00,
0x00, 0x00, 0x00, 0x00, 0x00, 0x00, 0x00, 0x00, 0x00, 0x00, 0x1A, 0xF4, 0x29, 0x00, 0x00, 0x00,
0x00, 0x00, 0x00, 0x11, 0x07, 0x00, 0x00, 0x00, 0x00, 0x80, 0xC3, 0x60, 0x60, 0x60, 0x60, 0x60,
0x60, 0x60, 0xCE, 0xB7, 0x07, 0x00, 0x00, 0x0D, 0xCF, 0x11, 0x00, 0x00, 0x00, 0x00, 0x00, 0x00,
0x04, 0x00, 0x00, 0x00, 0x00, 0x00, 0x85, 0x47, 0x36, 0x60, 0x60, 0x60, 0x60, 0x60, 0x60, 0xD2,
0x54, 0x00, 0x00, 0x00, 0x2E, 0x7C, 0x00, 0x0C, 0x11, 0x01, 0x00, 0x00, 0x00, 0x00, 0x01, 0x00,
0x00, 0x00, 0x0C, 0x65, 0x0C, 0x5F, 0x60, 0x60, 0x60, 0x60, 0x60, 0x60, 0x87, 0xB3, 0x03, 0x00,
0x00, 0x09, 0x00, 0x00, 0x1F, 0x09, 0x00, 0x00, 0x00, 0x00, 0x00, 0x4F, 0x8A, 0x00, 0x00, 0x00,
0x00, 0x00, 0x00, 0x00, 0x00, 0x00, 0x00, 0x00, 0x00, 0x00, 0x4C, 0x8F, 0x00, 0x00, 0x00, 0x00,
0x00, 0x00, 0x00, 0x00, 0x00, 0x00, 0x00, 0x00, 0x00, 0x43, 0x9B, 0x00, 0x00, 0x00, 0x00, 0x00,
0x00, 0x00, 0x00, 0x00, 0x00, 0x00, 0x00, 0x00, 0x29, 0xB7, 0x00, 0x00, 0x00, 0x00, 0x00, 0x00,
0x00, 0x00, 0x00, 0x00, 0x00, 0x00, 0x00, 0x06, 0xDE, 0x03, 0x00, 0x3F, 0x00, 0x00, 0x00, 0x00,
0x00, 0x00, 0x00, 0x00, 0x00, 0x00, 0x00, 0xA7, 0x5D, 0x01, 0x78, 0x00, 0x00, 0x00, 0x00, 0x00,
0x00, 0x00, 0x00, 0x00, 0x00, 0x00, 0x20, 0xE1, 0x98, 0x8F, 0x00, 0x00, 0x00, 0x00, 0x00, 0x00,
0x00, 0x00, 0x00, 0x00, 0x00, 0x00, 0x23, 0xAA, 0xAE, 0x00, 0x00, 0x00, 0x00, 0xA7, 0x49, 0x00,
0x00, 0x00, 0x00, 0x00, 0x00, 0x00, 0x00, 0x00, 0x00, 0x00, 0x00, 0x1A, 0xF4, 0x29, 0x00, 0x00,
0x00, 0x00, 0x00, 0x00, 0x11, 0x07, 0x00, 0x00, 0x00, 0x00, 0x80, 0xC3, 0x60, 0x60, 0x60, 0x60,
0x60, 0x60, 0x60, 0xCE, 0xB7, 0x07, 0x00, 0x00, 0x0D, 0xCF, 0x11, 0x00, 0x00, 0x00, 0x00, 0x00,
0x00, 0x04, 0x00, 0x00, 0x00, 0x00, 0x00, 0x85, 0x47, 0x36, 0x60, 0x60, 0x60, 0x60, 0x60, 0x60,
0xD2, 0x54, 0x00, 0x00, 0x00, 0x2E, 0x7C, 0x00, 0x0C, 0x11, 0x01, 0x00, 0x00, 0x00, 0x00, 0x01,
0x00, 0x00, 0x00, 0x0C, 0x65, 0x0C, 0x5F, 0x60, 0x60, 0x60, 0x60, 0x60, 0x60, 0x87, 0xB3, 0x03,
0x00, 0x00, 0x09, 0x00, 0x00, 0x1F, 0x09, 0x00, 0x00, 0x00, 0x00, 0x00, 0x4F, 0x8A, 0x00, 0x00,
0x00, 0x00, 0x00, 0x00, 0x00, 0x00, 0x00, 0x00, 0x00, 0x00, 0x00, 0x4C, 0x8F, 0x00, 0x00, 0x00,
0x00, 0x00, 0x00, 0x00, 0x00, 0x00, 0x00, 0x00, 0x00, 0x00, 0x43, 0x9B, 0x00, 0x00, 0x00, 0x00,
0x00, 0x00, 0x00, 0x00, 0x00, 0x00, 0x00, 0x00, 0x00, 0x29, 0xB7, 0x00, 0x00, 0x00, 0x00, 0x00,
0x00, 0x00, 0x00, 0x00, 0x00, 0x00, 0x00, 0x00, 0x06, 0xDE, 0x03, 0x00, 0x3F, 0x00, 0x00, 0x00,
0x00, 0x00, 0x00, 0x00, 0x00, 0x00, 0x00, 0x00, 0xA7, 0x5D, 0x01, 0x78, 0x00, 0x00, 0x00, 0x00,
0x00, 0x00, 0x00, 0x00, 0x00, 0x00, 0x00, 0x20, 0xE1, 0x98, 0x8F, 0x00, 0x00, 0x00, 0x00, 0x00,
0x00, 0x00, 0x00, 0x00, 0x00, 0x00, 0x00, 0x23, 0xAA, 0xAE, 0x00, 0x00, 0x69, 0x58, 0x00, 0x00,
0x36, 0x60, 0x60, 0x60, 0x60, 0x60, 0x94, 0x4F, 0x00, 0x00, 0x00, 0x00, 0x07, 0xE1, 0x43, 0x0A,
0x0D, 0x1B, 0x01, 0x00, 0x00, 0x00, 0x00, 0x00, 0x00, 0x00, 0x00, 0x00, 0x00, 0x55, 0x15, 0x4C,
0x00, 0x00, 0x00, 0x00, 0x00, 0x00, 0x00, 0x00, 0x00, 0x00, 0x14, 0x55, 0x00, 0x00, 0x2D, 0x2C,
0x00, 0x00, 0x00, 0x00, 0x00, 0x00, 0x00, 0x0E, 0x0B, 0x00, 0x00, 0x91, 0xA6, 0x00, 0x66, 0x30,
0x60, 0x60, 0x60, 0x60, 0x60, 0x60, 0x60, 0xD0, 0xB7, 0x04, 0x00, 0x13, 0xDC, 0x00, 0x76, 0x0A,
0x1D, 0x02, 0xE9, 0x12, 0x00, 0x00, 0x00, 0x00, 0x00, 0x00, 0x00, 0x00, 0x1B, 0x2E, 0x59, 0x00,
0x00, 0x24, 0xD4, 0x00, 0x00, 0x00, 0x00, 0x00, 0x00, 0x00, 0x00, 0x00, 0x00, 0x89, 0x16, 0x00,
0x00, 0x8B, 0xC5, 0x60, 0x60, 0x60, 0x73, 0xBE, 0x06, 0x00, 0x00, 0x00, 0x0B, 0xB9, 0x00, 0x00,
0x00, 0x19, 0x1B, 0x00, 0x00, 0x00, 0x50, 0x9B, 0x00, 0x00, 0x04, 0x6A, 0xCC, 0x92, 0x00, 0x00,
0x00, 0x00, 0x00, 0x00, 0x00, 0x00, 0x72, 0x74, 0x00, 0x00, 0x00, 0x00, 0xA7, 0x6B, 0x00, 0x00,
0x00, 0x00, 0x00, 0x00, 0x00, 0x00, 0xA1, 0x48, 0x00, 0x00, 0x00, 0x00, 0xBC, 0x5A, 0x00, 0x00,
0x00, 0x00, 0x00, 0x00, 0x00, 0x05, 0xE2, 0x10, 0x00, 0x00, 0x00, 0x00, 0xF0, 0x57, 0x00, 0x00,
0x00, 0x00, 0x32, 0x81, 0x81, 0xB1, 0xA1, 0x00, 0x00, 0x00, 0x00, 0x00, 0x5C, 0x35, 0x00, 0x00,
0x00, 0x00, 0x00, 0x0A, 0xBB, 0x8C, 0x0B, 0x00, 0x00, 0x00, 0x00, 0x06, 0x26, 0x00, 0x00, 0x00,
0x4A, 0x93, 0x02, 0x00, 0x00, 0x00, 0x00, 0x00, 0x00, 0x00, 0x00, 0x00, 0x9E, 0x59, 0x00, 0x00,
0x8B, 0x8A, 0x00, 0x00, 0x00, 0x00, 0x00, 0x03, 0x00, 0x00, 0x00, 0x00, 0x2A, 0xBF, 0x00, 0x00,
0xDF, 0x77, 0x60, 0x60, 0x60, 0x60, 0x6C, 0xD8, 0x21, 0x00, 0x00, 0x00, 0x00, 0x2B, 0x18, 0x49,
0x8A, 0x00, 0x00, 0x00, 0x00, 0x00, 0x00, 0x00, 0x00, 0x00, 0x1D, 0x70, 0x04, 0x00, 0x4B, 0x98,
0xA0, 0x60, 0x60, 0x60, 0x60, 0x64, 0xBF, 0x0D, 0x00, 0x00, 0x00, 0x7F, 0x77, 0x21, 0x76, 0x26,
0xE2, 0x00, 0x54, 0x18, 0x00, 0x1A, 0xBC, 0x00, 0x00, 0x00, 0x00, 0x08, 0x1B, 0x5F, 0x0A, 0x24,
0xBF, 0x00, 0x27, 0xC7, 0x00, 0x2C, 0xA5, 0x00, 0x01, 0x00, 0x00, 0x00, 0x00, 0x77, 0x5E, 0x8A,
0xC2, 0x60, 0x60, 0x7C, 0x60, 0x84, 0xBD, 0x71, 0xC1, 0x0D, 0x00, 0x00, 0x17, 0x68, 0x1D, 0x7B,
0x6B, 0x00, 0x49, 0x00, 0x00, 0x47, 0x88, 0x00, 0x00, 0x00, 0x00, 0x00, 0x74, 0x29, 0x00, 0x9C,
0x44, 0x00, 0x6F, 0x6E, 0x00, 0x54, 0x7B, 0x00, 0x00, 0x00, 0x23, 0x8E, 0xDE, 0x00, 0x00, 0xC3,
0x1C, 0x00, 0x23, 0xA4, 0x00, 0x61, 0x6E, 0x00, 0x00, 0x00, 0x00, 0x36, 0xC2, 0x00, 0x2A, 0xF2,
0x60, 0x60, 0x60, 0x6B, 0x60, 0xA3, 0x9E, 0x91, 0x96, 0x00, 0x00, 0x45, 0xB9, 0x00, 0x00, 0x3B,
0x00, 0x00, 0x00, 0x00, 0x00, 0x90, 0x4F, 0x00, 0x00, 0x00, 0x00, 0x74, 0xC3, 0x00, 0x00, 0x00,
0x00, 0x00, 0x1B, 0x77, 0x87, 0xE4, 0x2A, 0x00, 0x00, 0x00, 0x00, 0x13, 0x42, 0x00, 0x00, 0x00,
0x00, 0x00, 0x00, 0x01, 0xA4, 0x8D, 0x00, 0x00, 0x00, 0x00, 0x00, 0x00, 0x84, 0x56, 0x00, 0x00,
0x99, 0x60, 0x60, 0x60, 0x60, 0x6A, 0xA9, 0x03, 0x00, 0x00, 0x00, 0x00, 0x0D, 0xDB, 0x03, 0x02,
0xD3, 0x00, 0x00, 0x00, 0x00, 0x20, 0xB2, 0x00, 0x00, 0x00, 0x00, 0x00, 0x00, 0x19, 0x1C, 0x2E,
0xD1, 0x00, 0x00, 0x00, 0x00, 0x20, 0xB0, 0x00, 0x00, 0x00, 0x00, 0x00, 0x00, 0x00, 0x57, 0x02,
0xD6, 0x60, 0x60, 0x60, 0x60, 0x74, 0xB2, 0x00, 0x00, 0x00, 0x07, 0x81, 0x31, 0x00, 0x68, 0x00,
0xD1, 0x00, 0x00, 0x00, 0x00, 0x20, 0xB4, 0x00, 0x00, 0x00, 0x00, 0x22, 0x95, 0x0D, 0x6C, 0x00,
0xDB, 0x60, 0x60, 0x60, 0x60, 0x74, 0xB9, 0x00, 0x00, 0x00, 0x00, 0x00, 0x00, 0x56, 0x34, 0x00,
0x96, 0x00, 0x00, 0x00, 0x00, 0x15, 0x61, 0x00, 0x00, 0x00, 0x00, 0x00, 0x00, 0x9B, 0x03, 0x00,
0x00, 0x00, 0x00, 0x00, 0x00, 0x00, 0x00, 0x00, 0x00, 0x00, 0x00, 0x00, 0x0C, 0xAE, 0x00, 0x98,
0x60, 0x60, 0x60, 0x60, 0x60, 0x60, 0x72, 0x94, 0x00, 0x00, 0x12, 0x40, 0x93, 0x7D, 0x00, 0xD1,
0x00, 0x50, 0x70, 0x00, 0xC0, 0x00, 0x40, 0x94, 0x00, 0x00, 0x00, 0x39, 0xED, 0x4C, 0x00, 0xD0,
0x00, 0x50, 0x70, 0x00, 0xC0, 0x00, 0x40, 0x90, 0x00, 0x00, 0x00, 0x00, 0xCD, 0x31, 0x00, 0xD0,
0x00, 0x50, 0x70, 0x00, 0xC0, 0x00, 0x40, 0x90, 0x00, 0x00, 0x00, 0x06, 0xF9, 0x27, 0x00, 0xD0,
0x00, 0x50, 0x70, 0x00, 0xC0, 0x00, 0x40, 0x90, 0x02, 0x00, 0x00, 0x0B, 0xCF, 0x4F, 0x60, 0xE2,
0x60, 0x92, 0xA6, 0x60, 0xD8, 0x60, 0x88, 0xC1, 0xD3, 0x1C, 0x00, 0x00, 0x00, 0x07, 0x1F, 0x03,
0x00, 0x00, 0x00, 0x00, 0x00, 0x00, 0x00, 0x00, 0x00, 0x00, 0x00, 0x05, 0x94, 0x2C, 0x00, 0x00,
0x91, 0x60, 0x60, 0x60, 0x60, 0x60, 0x7B, 0x65, 0x00, 0x00, 0x00, 0x00, 0x33, 0xE8, 0x00, 0x00,
0xD3, 0x00, 0x00, 0x00, 0x00, 0x00, 0x50, 0x8C, 0x00, 0x00, 0x00, 0x00, 0x00, 0x4D, 0x08, 0x2D,
0xD1, 0x00, 0x00, 0x00, 0x00, 0x00, 0x50, 0x80, 0x00, 0x00, 0x00, 0x00, 0x00, 0x00, 0x4D, 0x0A,
0xD0, 0x60, 0x60, 0x60, 0x60, 0x60, 0x92, 0x81, 0x00, 0x00, 0x11, 0x8C, 0x1C, 0x00, 0x67, 0x00,
0xD1, 0x00, 0x00, 0x00, 0x00, 0x00, 0x50, 0x83, 0x00, 0x00, 0x00, 0x46, 0xE8, 0x1C, 0x5E, 0x00,
0xD3, 0x60, 0x60, 0x60, 0x60, 0x60, 0x92, 0x87, 0x00, 0x00, 0x00, 0x00, 0x75, 0x76, 0x15, 0x00,
0xA2, 0x0A, 0x20, 0x00, 0x20, 0x01, 0x2D, 0x3B, 0x00, 0x00, 0x00, 0x00, 0x01, 0xA3, 0x11, 0x04,
0x00, 0x19, 0xDE, 0x0A, 0x89, 0x70, 0x00, 0x0E, 0x05, 0x00, 0x00, 0x00, 0x4E, 0x7C, 0x0A, 0x92,
0x04, 0x15, 0xC0, 0x00, 0x85, 0x50, 0x00, 0x86, 0xA4, 0x00, 0x1E, 0x89, 0xEE, 0x36, 0x00, 0x6D,
0x88, 0x13, 0xC0, 0x00, 0x83, 0x50, 0x27, 0xC6, 0x13, 0x00, 0x00, 0x0A, 0xF9, 0x0C, 0x00, 0x12,
0xF5, 0x1E, 0xC0, 0x00, 0x81, 0x58, 0x98, 0x11, 0x00, 0x00, 0x00, 0x17, 0xF4, 0x00, 0x00, 0x00,
0xA3, 0x13, 0xC0, 0x00, 0x81, 0xA4, 0x0E, 0x00, 0x00, 0x00, 0x00, 0x4C, 0xE5, 0x00, 0x00, 0x00,
0x01, 0x11, 0xC0, 0x00, 0x81, 0x50, 0x00, 0x00, 0x08, 0x00, 0x00, 0x28, 0xB5, 0x0C, 0x5F, 0x60,
0x60, 0x6A, 0xD8, 0x60, 0xB0, 0x92, 0x60, 0x88, 0xCE, 0x0D, 0x00, 0x00, 0x00, 0x00, 0x1F, 0x09,
0x00, 0x00, 0x00, 0x00, 0x00, 0x00, 0x00, 0x00, 0x00, 0x00, 0x00, 0x00, 0x00, 0xAB, 0x29, 0x00,
0x00, 0x00, 0x00, 0x1E, 0x5E, 0x00, 0x00, 0x00, 0x00, 0x00, 0x00, 0x00, 0x00, 0xDD, 0x04, 0x00,
0x00, 0x04, 0x00, 0x00, 0xAB, 0x5D, 0x00, 0x00, 0x00, 0x00, 0x00, 0x00, 0x00, 0xDA, 0x00, 0x07,
0x00, 0x8E, 0x60, 0x60, 0xA9, 0x92, 0x60, 0x8F, 0x62, 0x00, 0x00, 0x00, 0x00, 0xD8, 0x00, 0xC4,
0x4F, 0xAF, 0x00, 0x00, 0x00, 0x00, 0x00, 0x89, 0x26, 0x00, 0x00, 0x29, 0x13, 0xD5, 0x5B, 0x7A,
0x37, 0x35, 0x00, 0x00, 0x00, 0x00, 0x01, 0x13, 0x00, 0x00, 0x00, 0x67, 0x35, 0xD2, 0x5C, 0x00,
0x00, 0x1E, 0x60, 0x60, 0x60, 0x60, 0xB8, 0x61, 0x00, 0x00, 0x03, 0xCF, 0x2D, 0xCD, 0x00, 0x00,
0x00, 0x02, 0x21, 0x05, 0x00, 0x00, 0x00, 0x08, 0x00, 0x00, 0x04, 0x35, 0x00, 0xCB, 0x00, 0x00,
0x53, 0x60, 0x60, 0x60, 0x60, 0x60, 0x60, 0xC4, 0x86, 0x00, 0x00, 0x00, 0x00, 0xCD, 0x00, 0x00,
0x18, 0x10, 0xA3, 0x41, 0x30, 0xA0, 0x00, 0x00, 0x00, 0x00, 0x00, 0x00, 0x00, 0xE2, 0x2E, 0x00,
0x00, 0x00, 0xC7, 0x1E, 0x30, 0xA0, 0x00, 0x00, 0x00, 0x00, 0x00, 0x00, 0x1F, 0xA2, 0x8D, 0x7E,
0x00, 0x09, 0xD3, 0x00, 0x30, 0xA0, 0x00, 0x00, 0x22, 0x00, 0x00, 0x00, 0x64, 0x55, 0x04, 0xD3,
0x2B, 0x64, 0x81, 0x00, 0x30, 0xA0, 0x00, 0x00, 0x56, 0x00, 0x00, 0x00, 0xAF, 0x03, 0x00, 0x3D,
0x24, 0xBE, 0x0D, 0x00, 0x2F, 0xA5, 0x00, 0x00, 0x93, 0x00, 0x00, 0x5D, 0x3E, 0x00, 0x00, 0x0E,
0xA5, 0x2A, 0x00, 0x00, 0x11, 0xD9, 0xB3, 0xB3, 0xDC, 0x19, 0x16, 0x4B, 0x00, 0x00, 0x3B, 0x71,
0x11, 0x00, 0x00, 0x00, 0x00, 0x00, 0x00, 0x00, 0x00, 0x00, 0x46, 0x85, 0x60, 0x60, 0x60, 0x60,
0x60, 0x60, 0x60, 0x60, 0x7F, 0x9B, 0x4B, 0xA0, 0x00, 0x00, 0x00, 0x50, 0x90, 0x00, 0x00, 0x00,
0x70, 0x74, 0x47, 0xA0, 0x00, 0x00, 0x00, 0x50, 0x90, 0x00, 0x00, 0x00, 0x70, 0x70, 0x43, 0xC4,
0x60, 0x60, 0x60, 0x92, 0xBA, 0x60, 0x60, 0x60, 0xA6, 0x70, 0x41, 0xA0, 0x00, 0x00, 0x00, 0x50,
0x90, 0x00, 0x00, 0x00, 0x70, 0x70, 0x45, 0xA0, 0x00, 0x00, 0x00, 0x50, 0x90, 0x00, 0x00, 0x00,
0x70, 0x70, 0x49, 0xC4, 0x60, 0x60, 0x60, 0x92, 0xBA, 0x60, 0x60, 0x60, 0xA6, 0x74, 0x4D, 0xA0,
0x00, 0x00, 0x00, 0x50, 0x90, 0x00, 0x00, 0x00, 0x66, 0x5A, 0x21, 0x1A, 0x00, 0x00, 0x00, 0x50,
0x90, 0x00, 0x00, 0x00, 0x00, 0x00, 0x00, 0x00, 0x00, 0x00, 0x00, 0x50, 0x90, 0x00, 0x00, 0x00,
0x00, 0x00, 0x00, 0x00, 0x00, 0x00, 0x00, 0x50, 0x90, 0x00, 0x00, 0x00, 0x00, 0x00, 0x00, 0x00,
0x00, 0x00, 0x00, 0x50, 0x95, 0x00, 0x00, 0x00, 0x00, 0x00, 0x00, 0x00, 0x00, 0x00, 0x00, 0x51,
0x6E, 0x00, 0x00, 0x00, 0x00, 0x00, 0x00, 0x00, 0x00, 0x00, 0x00, 0x30, 0xA8, 0x28, 0x00, 0x00,
0x00, 0x00, 0x00, 0x00, 0x00, 0x00, 0x05, 0x00, 0x00, 0x00, 0x00, 0x62, 0xAD, 0x00, 0x00, 0x00,
0x00, 0x03, 0x00, 0x00, 0x00, 0x79, 0x60, 0x60, 0x60, 0x60, 0x62, 0x8F, 0x60, 0x60, 0x60, 0x60,
0xB2, 0x6F, 0x00, 0x0C, 0xD8, 0x00, 0x00, 0x25, 0x33, 0x00, 0x00, 0x0F, 0x00, 0x00, 0x00, 0xC4,
0x61, 0x02, 0x81, 0xB1, 0x00, 0x10, 0xD2, 0x95, 0x00, 0x00, 0x46, 0x93, 0x5D, 0x35, 0x30, 0x00,
0x00, 0x00, 0x00, 0x19, 0xBC, 0x56, 0x00, 0x00, 0x00, 0x00, 0x06, 0x89, 0xE8, 0x53, 0x00, 0x00,
0x00, 0x47, 0x8F, 0x18, 0x00, 0x00, 0x00, 0x00, 0x00, 0x00, 0x04, 0x55, 0xC9, 0x00, 0x00, 0x2D,
0x30, 0x3C, 0x60, 0x60, 0x60, 0x60, 0x60, 0x60, 0x60, 0xC9, 0x70, 0x07, 0x00, 0x00, 0x00, 0x00,
0x0F, 0x19, 0x01, 0x00, 0x80, 0x70, 0x00, 0x00, 0x00, 0x00, 0x00, 0x00, 0x00, 0x00, 0x00, 0x00,
0x00, 0x00, 0x00, 0x80, 0x70, 0x00, 0x00, 0x00, 0x00, 0x00, 0x00, 0x00, 0x00, 0x00, 0x00, 0x00,
0x00, 0x00, 0x80, 0x70, 0x00, 0x00, 0x00, 0x00, 0x00, 0x00, 0x00, 0x00, 0x00, 0x00, 0x00, 0x00,
0x00, 0x80, 0x70, 0x00, 0x00, 0x00, 0x00, 0x00, 0x00, 0x00, 0x00, 0x00, 0x00, 0x00, 0x00, 0x00,
0x80, 0x70, 0x00, 0x00, 0x00, 0x00, 0x18, 0x00, 0x00, 0x42, 0x60, 0x60, 0x60, 0x60, 0x60, 0xB0,
0xA6, 0x60, 0x60, 0x60, 0x67, 0xED, 0x75, 0x00, 0x12, 0x17, 0x00, 0x00, 0x00, 0x00, 0x00, 0x00,
0x00, 0x00, 0x00, 0x00, 0x00, 0x00, 0x00, 0x00, 0x00, 0x00, 0x77, 0x65, 0x00, 0x00, 0x00, 0x7F,
0x43, 0x00, 0x00, 0x00, 0x00, 0x00, 0x00, 0x00, 0x00, 0x03, 0xCC, 0x1F, 0x00, 0x00, 0x05, 0xEA,
0x2F, 0x00, 0x00, 0x00, 0x00, 0x00, 0x00, 0x00, 0x00, 0x5E, 0x58, 0x00, 0x00, 0x00, 0x4E, 0xD8,
0x60, 0x60, 0x60, 0xA1, 0x57, 0x00, 0x00, 0x00, 0x08, 0x8A, 0x00, 0x1E, 0xBF, 0x0B, 0xA6, 0x45,
0x00, 0x00, 0x0E, 0xD7, 0x22, 0x00, 0x00, 0x04, 0x9F, 0x39, 0x2A, 0xA1, 0x6A, 0x4B, 0x56, 0x0E,
0x44, 0x00, 0x8B, 0x53, 0x00, 0x00, 0x00, 0x00, 0x9D, 0x6F, 0x63, 0xA8, 0x01, 0x5D, 0x00, 0x00,
0x63, 0x59, 0x8A, 0x00, 0x00, 0x00, 0x00, 0x00, 0x00, 0x03, 0x9D, 0x0E, 0x00, 0x00, 0x00, 0x04,
0x97, 0xCF, 0x8D, 0x10, 0x00, 0x00, 0x00, 0x00, 0x00, 0x75, 0x25, 0x00, 0x00, 0x00, 0x17, 0x9C,
0x49, 0x00, 0x56, 0xD1, 0x9F, 0x5D, 0x0D, 0x00, 0x85, 0xB9, 0x8B, 0x66, 0x56, 0x6D, 0xBA, 0x68,
0x60, 0x60, 0x60, 0xA2, 0x93, 0x5D, 0x02, 0x00, 0x3D, 0x63, 0x04, 0x00, 0x2A, 0x04, 0x90, 0x40,
0x00, 0x00, 0x00, 0xB0, 0x28, 0x00, 0x00, 0x00, 0x00, 0x00, 0x03, 0x36, 0x54, 0x06, 0x90, 0x40,
0x00, 0x00, 0x00, 0xB0, 0x20, 0x00, 0x00, 0x16, 0x88, 0xB0, 0x8F, 0x3D, 0x00, 0x00, 0x92, 0x40,
0x00, 0x00, 0x00, 0xB0, 0x20, 0x00, 0x00, 0x01, 0x83, 0x16, 0x00, 0x00, 0x00, 0x00, 0x98, 0x88,
0x60, 0x60, 0x60, 0xCE, 0x23, 0x00, 0x00, 0x00, 0x00, 0x00, 0x00, 0x00, 0x00, 0x00, 0x8C, 0x2F,
0x00, 0x00, 0x00, 0x75, 0x15, 0x00, 0x00, 0x1A, 0x98, 0x60, 0x60, 0x60, 0x60, 0x60, 0x60, 0x60,
0x60, 0x60, 0x60, 0xC1, 0x23, 0x17, 0xD0, 0x00, 0x00, 0x00, 0x00, 0x00, 0x00, 0x00, 0x00, 0x00,
0x00, 0xE2, 0x03, 0x13, 0xD0, 0x00, 0x00, 0x00, 0x69, 0x0C, 0x00, 0x00, 0x1A, 0x59, 0x00, 0xE0,
0x00, 0x11, 0xD0, 0x3A, 0x20, 0x05, 0xED, 0x37, 0x39, 0x00, 0x51, 0xD0, 0x03, 0xE0, 0x00, 0x11,
0xD0, 0x00, 0x90, 0x59, 0x9B, 0x00, 0x5B, 0x2D, 0x96, 0x54, 0x00, 0xE0, 0x00, 0x11, 0xD0, 0x00,
0x22, 0xF2, 0x2A, 0x00, 0x01, 0xA3, 0xCC, 0x04, 0x00, 0xE0, 0x00, 0x10, 0xD0, 0x00, 0x0F, 0xEE,
0x6F, 0x00, 0x00, 0x62, 0xD6, 0x08, 0x00, 0xE0, 0x00, 0x11, 0xD0, 0x00, 0x68, 0x59, 0xEA, 0x14,
0x00, 0xB0, 0x94, 0x91, 0x00, 0xE0, 0x00, 0x11, 0xD0, 0x00, 0x92, 0x00, 0xA9, 0x4A, 0x3E, 0x5D,
0x13, 0xF6, 0x1D, 0xE0, 0x00, 0x12, 0xD0, 0x46, 0x28, 0x00, 0x39, 0x1A, 0x81, 0x00, 0x00, 0xAE,
0x29, 0xE0, 0x00, 0x13, 0xD0, 0x21, 0x00, 0x00, 0x00, 0x3C, 0x09, 0x00, 0x00, 0x0D, 0x00, 0xE0,
0x00, 0x16, 0xD0, 0x00, 0x00, 0x00, 0x00, 0x00, 0x00, 0x00, 0x00, 0x00, 0x00, 0xE1, 0x00, 0x19,
0xD0, 0x00, 0x00, 0x00, 0x00, 0x00, 0x00, 0x00, 0x08, 0x69, 0x88, 0xE7, 0x00, 0x1C, 0x93, 0x00,
0x00, 0x00, 0x00, 0x00, 0x00, 0x00, 0x00, 0x05, 0x9C, 0x64, 0x00, 0x00, 0x00, 0x00, 0x40, 0x89,
0x07, 0x00, 0x00, 0x00, 0x00, 0x00, 0x00, 0x00, 0x00, 0x00, 0x00, 0xBF, 0x5F, 0x00, 0x00, 0x00,
0x00, 0x00, 0x00, 0x70, 0x6B, 0x60, 0x60, 0xB2, 0x83, 0x60, 0x66, 0xBD, 0x17, 0x00, 0x00, 0x82,
0x60, 0x00, 0x00, 0x00, 0x00, 0x00, 0x10, 0xD7, 0x01, 0x00, 0x00, 0x80, 0x9C, 0x60, 0x60, 0x60,
0x60, 0x60, 0x6A, 0xD0, 0x00, 0x00, 0x00, 0x80, 0x60, 0x00, 0x00, 0x00, 0x00, 0x00, 0x10, 0xD0,
0x00, 0x00, 0x00, 0x80, 0x60, 0x00, 0x00, 0x00, 0x00, 0x00, 0x10, 0xD0, 0x00, 0x00, 0x00, 0x80,
0x9C, 0x60, 0x60, 0x60, 0x60, 0x60, 0x6A, 0xD8, 0x00, 0x00, 0x00, 0x80, 0x60, 0x00, 0x54, 0x0F,
0x00, 0x00, 0x07, 0x7C, 0x7D, 0x00, 0x00, 0x80, 0x60, 0x00, 0x0B, 0x86, 0x00, 0x0D, 0x82, 0xB1,
0x63, 0x09, 0x00, 0x80, 0x60, 0x00, 0x00, 0x58, 0x9B, 0x64, 0x1A, 0x00, 0x00, 0x00, 0x00, 0x80,
0x60, 0x00, 0x33, 0x3D, 0x74, 0xB0, 0x28, 0x00, 0x00, 0x00, 0x00, 0x97, 0xAD, 0xA2, 0x3D, 0x00,
0x00, 0x41, 0xD4, 0xC8, 0x8C, 0x63, 0x3C, 0x5A, 0x97, 0x06, 0x00, 0x00, 0x00, 0x00, 0x01, 0x47,
0x9B, 0xA3, 0x11, 0x00, 0x00, 0x00, 0x5C, 0x60, 0x09, 0xA9, 0x00, 0x00, 0x07, 0xBF, 0x10, 0x00,
0x00, 0x00, 0x00, 0x02, 0x58, 0x60, 0x9C, 0x9C, 0x61, 0xD8, 0x71, 0x90, 0x59, 0xB1, 0x60, 0x60,
0x78, 0xA0, 0x02, 0x00, 0x16, 0x15, 0x46, 0x34, 0x00, 0x7D, 0x00, 0x00, 0xA0, 0x5F, 0x00, 0xC7,
0x15, 0x00, 0x00, 0x00, 0x00, 0x8D, 0xC2, 0x60, 0x60, 0x60, 0x9B, 0x6B, 0x2E, 0x83, 0x42, 0xA6,
0x00, 0x00, 0x00, 0x00, 0x26, 0xB7, 0x7B, 0x60, 0x9E, 0x14, 0xC5, 0x10, 0x00, 0x32, 0xF2, 0x1E,
0x00, 0x00, 0x00, 0x00, 0x4B, 0x25, 0xBA, 0x60, 0xCB, 0x00, 0xC6, 0x00, 0x17, 0xA1, 0x6F, 0xC0,
0x68, 0x2C, 0x06, 0x00, 0x00, 0x1C, 0x4C, 0x00, 0x3F, 0x29, 0xA4, 0x25, 0x5A, 0x0A, 0x00, 0x1A,
0x88, 0x93, 0x0F, 0x00, 0x00, 0x00, 0x00, 0x00, 0x6D, 0xE0, 0x74, 0x31, 0x00, 0x00, 0x00, 0x00,
0x01, 0x00, 0x00, 0x00, 0x48, 0x60, 0x60, 0x60, 0x60, 0x6A, 0x7D, 0xBD, 0x60, 0x60, 0x60, 0x60,
0xC9, 0x34, 0x00, 0x00, 0x13, 0x0D, 0x36, 0x60, 0x60, 0x60, 0x60, 0x60, 0x60, 0x61, 0x97, 0x04,
0x00, 0x00, 0x00, 0x00, 0x00, 0x00, 0x25, 0x74, 0x60, 0x60, 0x60, 0x60, 0x60, 0x60, 0x9D, 0x13,
0x00, 0x00, 0x00, 0x00, 0x00, 0x00, 0x55, 0x87, 0x62, 0x60, 0x60, 0x60, 0x60, 0x61, 0xAC, 0x0C,
0x00, 0x00, 0x00, 0x00, 0x00, 0x00, 0x75, 0x60, 0x00, 0x00, 0x00, 0x00, 0x00, 0x00, 0xDB, 0x03,
0x00, 0x00, 0x00, 0x00, 0x00, 0x00, 0x73, 0x9C, 0x60, 0x60, 0x60, 0x60, 0x60, 0x60, 0xD2, 0x00,
0x00, 0x00, 0x00, 0x00, 0x00, 0x00, 0x6F, 0x45, 0x00, 0x00, 0x00, 0x00, 0x00, 0x00, 0x91, 0x00,
0x00, 0x00, 0x00, 0x00, 0x00, 0x00, 0x00, 0x00, 0x00, 0x00, 0x00, 0x00, 0x15, 0x50, 0x9A, 0xCA,
0x18, 0x00, 0x00, 0x00, 0x2F, 0x70, 0x54, 0x59, 0x62, 0x6E, 0x98, 0x7E, 0x62, 0x46, 0x2B, 0x0A,
0x00, 0x00, 0x00, 0x36, 0xA0, 0x00, 0x00, 0x00, 0x00, 0x8A, 0x6E, 0x00, 0x00, 0x00, 0x04, 0x00,
0x00, 0x00, 0x33, 0xA0, 0x53, 0x60, 0x60, 0x60, 0xB1, 0x92, 0x60, 0x60, 0x97, 0xB1, 0x04, 0x00,
0x00, 0x31, 0xA0, 0x18, 0x0D, 0x00, 0x00, 0x80, 0x50, 0x00, 0x00, 0x00, 0x00, 0x00, 0x00, 0x00,
0x31, 0xA0, 0x00, 0x00, 0x00, 0x00, 0x80, 0x50, 0x00, 0x00, 0x00, 0x00, 0x00, 0x00, 0x00, 0x39,
0x9B, 0x00, 0x89, 0x60, 0x60, 0xB0, 0x92, 0x60, 0x62, 0xC0, 0x13, 0x00, 0x00, 0x00, 0x42, 0x8F,
0x00, 0xD8, 0x00, 0x00, 0x22, 0x02, 0x00, 0x00, 0xD5, 0x00, 0x00, 0x00, 0x00, 0x61, 0x7A, 0x00,
0xD2, 0x00, 0x00, 0x95, 0x78, 0x00, 0x00, 0xD0, 0x00, 0x00, 0x00, 0x00, 0x8E, 0x41, 0x00, 0xD2,
0x00, 0x00, 0xA4, 0x39, 0x00, 0x00, 0xD2, 0x00, 0x00, 0x00, 0x00, 0xBD, 0x0A, 0x00, 0xD4, 0x00,
0x00, 0xD0, 0x0F, 0x00, 0x00, 0xD7, 0x00, 0x00, 0x00, 0x1E, 0x8C, 0x00, 0x00, 0xD1, 0x00, 0x39,
0xB3, 0x12, 0x00, 0x00, 0x9F, 0x00, 0x00, 0x00, 0x72, 0x1A, 0x00, 0x00, 0x0A, 0x17, 0xC9, 0x26,
0x46, 0x91, 0x87, 0x34, 0x00, 0x00, 0x13, 0x45, 0x00, 0x00, 0x00, 0x4D, 0xA7, 0x25, 0x00, 0x00,
0x00, 0x4D, 0xE4, 0xA0, 0x00, 0x07, 0x00, 0x00, 0x3C, 0x62, 0x3B, 0x00, 0x00, 0x00, 0x00, 0x00,
0x00, 0x17, 0x8C, 0x00, 0x00, 0x09, 0x12, 0x00, 0x00, 0x00, 0x00, 0x00, 0x22, 0xB4, 0x13, 0x00,
0x00, 0x00, 0x00, 0x00, 0x00, 0x00, 0xA4, 0x37, 0x00, 0x00, 0x00, 0x00, 0x83, 0x97, 0x00, 0x00,
0x00, 0x0F, 0x00, 0x00, 0x00, 0x00, 0x40, 0xD0, 0x04, 0x5B, 0x60, 0x60, 0xE3, 0x79, 0x60, 0x60,
0x70, 0xEF, 0x43, 0x00, 0x00, 0x00, 0x02, 0x49, 0x00, 0x1B, 0x08, 0x4F, 0x9F, 0x00, 0x00, 0x00,
0x00, 0x00, 0x00, 0x00, 0x00, 0x00, 0x00, 0x00, 0x00, 0x00, 0x00, 0xC6, 0x23, 0x64, 0x62, 0x00,
0x00, 0x00, 0x00, 0x00, 0x0C, 0x5F, 0x60, 0xBA, 0x36, 0x00, 0x5A, 0x9F, 0x00, 0x88, 0x5A, 0x00,
0x08, 0x00, 0x00, 0x00, 0x00, 0x1F, 0x09, 0xD0, 0x18, 0x26, 0xEA, 0x82, 0x60, 0xB1, 0x92, 0x60,
0xCE, 0x76, 0x00, 0x00, 0x00, 0x00, 0x00, 0xD0, 0x10, 0x00, 0x4F, 0x00, 0x00, 0x80, 0x50, 0x00,
0x00, 0x00, 0x00, 0x00, 0x00, 0x00, 0x00, 0xD0, 0x10, 0x00, 0x00, 0x00, 0x00, 0x80, 0x50, 0x00,
0x00, 0x05, 0x0A, 0x00, 0x00, 0x00, 0x00, 0xD0, 0x18, 0x5E, 0x60, 0x60, 0x60, 0xB0, 0x92, 0x60,
0x60, 0xB6, 0xB7, 0x04, 0x00, 0x00, 0x00, 0xD0, 0x10, 0x1C, 0x06, 0x00, 0x00, 0x83, 0x52, 0x00,
0x00, 0x00, 0x00, 0x00, 0x00, 0x06, 0x81, 0x9A, 0x79, 0x04, 0x00, 0x00, 0x00, 0x88, 0x58, 0x00,
0x00, 0x00, 0x00, 0x00, 0x07, 0xCC, 0x76, 0x00, 0x29, 0xB0, 0x76, 0x42, 0x23, 0xA8, 0x69, 0x12,
0x17, 0x2A, 0x3E, 0x1B, 0x00, 0x34, 0x01, 0x00, 0x00, 0x04, 0x5A, 0xA4, 0xCE, 0xF1, 0xF1, 0xF9,
0xFD, 0xFF, 0x69, 0x01, 0x00, 0x00, 0x00, 0x00, 0x00, 0x00, 0x00, 0x00, 0x01, 0x2B, 0x72, 0xCF,
0x30, 0x00, 0x00, 0x00, 0x00, 0x00, 0x0A, 0x49, 0x60, 0x6E, 0x86, 0xB6, 0xB7, 0x90, 0x6F, 0x54,
0x35, 0x00, 0x00, 0x00, 0x00, 0x00, 0x03, 0x0B, 0x00, 0x00, 0x00, 0x80, 0x50, 0x00, 0x00, 0x00,
0x00, 0x10, 0x00, 0x00, 0x00, 0x24, 0x60, 0x60, 0x60, 0x60, 0x60, 0xB0, 0x92, 0x60, 0x60, 0x60,
0x85, 0xEA, 0x2A, 0x00, 0x00, 0x04, 0x20, 0x61, 0x6C, 0x60, 0x60, 0xB0, 0x92, 0x60, 0x60, 0x9D,
0x5F, 0x00, 0x00, 0x00, 0x00, 0x00, 0x00, 0x79, 0x70, 0x00, 0x00, 0x80, 0x50, 0x00, 0x00, 0x90,
0x4B, 0x00, 0x00, 0x00, 0x00, 0x00, 0x00, 0x75, 0xA6, 0x60, 0x60, 0xB0, 0x92, 0x60, 0x60, 0xBA,
0x40, 0x00, 0x00, 0x00, 0x00, 0x00, 0x00, 0x71, 0x70, 0x00, 0x00, 0x80, 0x50, 0x00, 0x00, 0x90,
0x42, 0x00, 0x00, 0x00, 0x00, 0x00, 0x00, 0x75, 0x70, 0x00, 0x00, 0x80, 0x50, 0x00, 0x00, 0x90,
0x45, 0x00, 0x00, 0x00, 0x00, 0x00, 0x00, 0x7A, 0xA6, 0x60, 0x60, 0xB0, 0x92, 0x60, 0x60, 0xBA,
0x4A, 0x00, 0x00, 0x00, 0x00, 0x00, 0x00, 0x52, 0x33, 0x00, 0x00, 0x80, 0x50, 0x00, 0x00, 0x58,
0x27, 0x00, 0x00, 0x00, 0x00, 0x00, 0x36, 0x60, 0x60, 0x60, 0x60, 0xB0, 0x92, 0x60, 0x60, 0x6C,
0xE5, 0x34, 0x00, 0x00, 0x00, 0x00, 0x0D, 0x1B, 0x01, 0x00, 0x00, 0x80, 0x50, 0x00, 0x00, 0x00,
0x00, 0x11, 0x10, 0x00, 0x0C, 0x5F, 0x60, 0x60, 0x60, 0x60, 0x60, 0xB0, 0x92, 0x60, 0x60, 0x60,
0x60, 0xCE, 0xC2, 0x08, 0x00, 0x1F, 0x09, 0x00, 0x00, 0x00, 0x00, 0x00, 0x00, 0x00, 0x00, 0x00,
0x00, 0x00, 0x00, 0x00, 0x00, 0x00, 0x00, 0x4A, 0x6E, 0x60, 0x60, 0x60, 0x60, 0x60, 0x60, 0xAD,
0x45, 0x00, 0x00, 0x00, 0x00, 0x00, 0x00, 0x63, 0xA6, 0x60, 0x60, 0x60, 0x60, 0x60, 0x60, 0xC4,
0x31, 0x00, 0x00, 0x00, 0x00, 0x00, 0x00, 0x61, 0x70, 0x00, 0x00, 0x00, 0x00, 0x00, 0x00, 0xA0,
0x31, 0x00, 0x00, 0x00, 0x00, 0x00, 0x00, 0x63, 0xA6, 0x60, 0x60, 0x60, 0x60, 0x60, 0x60, 0xC4,
0x37, 0x00, 0x00, 0x00, 0x00, 0x00, 0x00, 0x5A, 0x49, 0x00, 0x00, 0x00, 0x00, 0x00, 0x00, 0x4E,
0x13, 0x00, 0x08, 0x00, 0x12, 0x60, 0x60, 0x60, 0x60, 0x60, 0x60, 0x60, 0x60, 0x60, 0x60, 0x60,
0x60, 0x85, 0xD7, 0x14, 0x00, 0x1E, 0x02, 0x6C, 0x64, 0x60, 0x60, 0x60, 0x60, 0x60, 0x60, 0x86,
0x5F, 0x00, 0x00, 0x00, 0x00, 0x00, 0x00, 0x96, 0x40, 0x00, 0x00, 0x70, 0x60, 0x00, 0x00, 0x70,
0x63, 0x00, 0x00, 0x00, 0x00, 0x00, 0x00, 0x92, 0x88, 0x60, 0x60, 0xA6, 0x9C, 0x60, 0x60, 0xA6,
0x61, 0x00, 0x00, 0x00, 0x00, 0x00, 0x00, 0x98, 0x88, 0x60, 0x60, 0xA6, 0x9C, 0x60, 0x60, 0xA6,
0x68, 0x00, 0x00, 0x00, 0x00, 0x00, 0x00, 0x5A, 0x1A, 0x00, 0x00, 0x70, 0x60, 0x00, 0x00, 0x2D,
0x1C, 0x00, 0x00, 0x00, 0x00, 0x00, 0x36, 0x60, 0x60, 0x60, 0x60, 0xA6, 0x9C, 0x60, 0x60, 0x66,
0xDC, 0x37, 0x00, 0x00, 0x00, 0x00, 0x0D, 0x1B, 0x01, 0x00, 0x00, 0x70, 0x60, 0x00, 0x00, 0x00,
0x00, 0x02, 0x0C, 0x00, 0x02, 0x58, 0x60, 0x60, 0x60, 0x60, 0x60, 0xA6, 0x9C, 0x60, 0x60, 0x60,
0x60, 0xAC, 0xBD, 0x05, 0x00, 0x1A, 0x0E, 0x00, 0x00, 0x00, 0x00, 0x00, 0x00, 0x00, 0x00, 0x00,
0x00, 0x00, 0x00, 0x00, 0x5A, 0x60, 0x60, 0x60, 0x60, 0x60, 0x60, 0x60, 0x60, 0x60, 0x60, 0x5A,
0x5A, 0x60, 0x60, 0x60, 0x60, 0x60, 0x60, 0x60, 0x60, 0x60, 0x60, 0x5A, 0x00, 0x08, 0x6D, 0x73,
0x79, 0x68, 0x2E, 0x74, 0x74, 0x63, 0x00, 0x0C, 0x44, 0x69, 0x61, 0x6C, 0x6F, 0x67, 0x2E, 0x70,
0x6C, 0x61, 0x69, 0x6E, 0x01, 
};
